video_id,premise,hypothesis,pair_type
trial_lie_001,"No sir, I did not.",Did you help Grant kill Laura Acrison?,windowed_5
trial_lie_001,"No sir, I did not.",I absolutely did not.,windowed_5
trial_lie_001,"No sir, I did not.",Were you present when Grant killed Laura Acrison?,windowed_5
trial_lie_001,"No sir, I did not.","No sir, I was not.",windowed_5
trial_lie_001,"No sir, I did not.",Did you know that Laura had died before you got to Texas?,windowed_5
trial_lie_001,Did you help Grant kill Laura Acrison?,I absolutely did not.,windowed_5
trial_lie_001,Did you help Grant kill Laura Acrison?,Were you present when Grant killed Laura Acrison?,windowed_5
trial_lie_001,Did you help Grant kill Laura Acrison?,"No sir, I was not.",windowed_5
trial_lie_001,Did you help Grant kill Laura Acrison?,Did you know that Laura had died before you got to Texas?,windowed_5
trial_lie_001,Did you help Grant kill Laura Acrison?,No sir.,windowed_5
trial_lie_001,I absolutely did not.,Were you present when Grant killed Laura Acrison?,windowed_5
trial_lie_001,I absolutely did not.,"No sir, I was not.",windowed_5
trial_lie_001,I absolutely did not.,Did you know that Laura had died before you got to Texas?,windowed_5
trial_lie_001,I absolutely did not.,No sir.,windowed_5
trial_lie_001,Were you present when Grant killed Laura Acrison?,"No sir, I was not.",windowed_5
trial_lie_001,Were you present when Grant killed Laura Acrison?,Did you know that Laura had died before you got to Texas?,windowed_5
trial_lie_001,Were you present when Grant killed Laura Acrison?,No sir.,windowed_5
trial_lie_001,"No sir, I was not.",Did you know that Laura had died before you got to Texas?,windowed_5
trial_lie_001,"No sir, I was not.",No sir.,windowed_5
trial_lie_001,Did you know that Laura had died before you got to Texas?,No sir.,windowed_5
trial_lie_002,And she approached me and at that time she tripped over the rug and kind of bumped into me.,"I was heading to the nursery, which is, I know you guys have all seen the layout.",windowed_5
trial_lie_002,And she approached me and at that time she tripped over the rug and kind of bumped into me.,There was a love seat right there and a rocking chair right next to each other and there's a little wall.,windowed_5
trial_lie_002,And she approached me and at that time she tripped over the rug and kind of bumped into me.,"And whenever she tripped over the rug, she bumped into me and grabbed her and kind of pulled her, was pulling her back and just telling her to chill out.",windowed_5
trial_lie_002,And she approached me and at that time she tripped over the rug and kind of bumped into me.,"And she started fighting him and whenever she did that little wall, but right by the love seat, she kicked it",windowed_5
trial_lie_002,And she approached me and at that time she tripped over the rug and kind of bumped into me.,"and whenever she did, they both went over the chair and landed on the floor.",windowed_5
trial_lie_002,"I was heading to the nursery, which is, I know you guys have all seen the layout.",There was a love seat right there and a rocking chair right next to each other and there's a little wall.,windowed_5
trial_lie_002,"I was heading to the nursery, which is, I know you guys have all seen the layout.","And whenever she tripped over the rug, she bumped into me and grabbed her and kind of pulled her, was pulling her back and just telling her to chill out.",windowed_5
trial_lie_002,"I was heading to the nursery, which is, I know you guys have all seen the layout.","And she started fighting him and whenever she did that little wall, but right by the love seat, she kicked it",windowed_5
trial_lie_002,"I was heading to the nursery, which is, I know you guys have all seen the layout.","and whenever she did, they both went over the chair and landed on the floor.",windowed_5
trial_lie_002,"I was heading to the nursery, which is, I know you guys have all seen the layout.","And I just went, I ran to the bedroom with Lily.",windowed_5
trial_lie_002,There was a love seat right there and a rocking chair right next to each other and there's a little wall.,"And whenever she tripped over the rug, she bumped into me and grabbed her and kind of pulled her, was pulling her back and just telling her to chill out.",windowed_5
trial_lie_002,There was a love seat right there and a rocking chair right next to each other and there's a little wall.,"And she started fighting him and whenever she did that little wall, but right by the love seat, she kicked it",windowed_5
trial_lie_002,There was a love seat right there and a rocking chair right next to each other and there's a little wall.,"and whenever she did, they both went over the chair and landed on the floor.",windowed_5
trial_lie_002,There was a love seat right there and a rocking chair right next to each other and there's a little wall.,"And I just went, I ran to the bedroom with Lily.",windowed_5
trial_lie_002,There was a love seat right there and a rocking chair right next to each other and there's a little wall.,I didn't even stick around to see what happened.,windowed_5
trial_lie_002,"And whenever she tripped over the rug, she bumped into me and grabbed her and kind of pulled her, was pulling her back and just telling her to chill out.","And she started fighting him and whenever she did that little wall, but right by the love seat, she kicked it",windowed_5
trial_lie_002,"And whenever she tripped over the rug, she bumped into me and grabbed her and kind of pulled her, was pulling her back and just telling her to chill out.","and whenever she did, they both went over the chair and landed on the floor.",windowed_5
trial_lie_002,"And whenever she tripped over the rug, she bumped into me and grabbed her and kind of pulled her, was pulling her back and just telling her to chill out.","And I just went, I ran to the bedroom with Lily.",windowed_5
trial_lie_002,"And whenever she tripped over the rug, she bumped into me and grabbed her and kind of pulled her, was pulling her back and just telling her to chill out.",I didn't even stick around to see what happened.,windowed_5
trial_lie_002,"And whenever she tripped over the rug, she bumped into me and grabbed her and kind of pulled her, was pulling her back and just telling her to chill out.","And when I got to the bedroom, little Grant was trying to come, he was coming out of the door and he asked me what that noise was",windowed_5
trial_lie_002,"And she started fighting him and whenever she did that little wall, but right by the love seat, she kicked it","and whenever she did, they both went over the chair and landed on the floor.",windowed_5
trial_lie_002,"And she started fighting him and whenever she did that little wall, but right by the love seat, she kicked it","And I just went, I ran to the bedroom with Lily.",windowed_5
trial_lie_002,"And she started fighting him and whenever she did that little wall, but right by the love seat, she kicked it",I didn't even stick around to see what happened.,windowed_5
trial_lie_002,"And she started fighting him and whenever she did that little wall, but right by the love seat, she kicked it","And when I got to the bedroom, little Grant was trying to come, he was coming out of the door and he asked me what that noise was",windowed_5
trial_lie_002,"And she started fighting him and whenever she did that little wall, but right by the love seat, she kicked it",and I told him that the chair fell and to come back into the bedroom and he asked where his daddy was,windowed_5
trial_lie_002,"and whenever she did, they both went over the chair and landed on the floor.","And I just went, I ran to the bedroom with Lily.",windowed_5
trial_lie_002,"and whenever she did, they both went over the chair and landed on the floor.",I didn't even stick around to see what happened.,windowed_5
trial_lie_002,"and whenever she did, they both went over the chair and landed on the floor.","And when I got to the bedroom, little Grant was trying to come, he was coming out of the door and he asked me what that noise was",windowed_5
trial_lie_002,"and whenever she did, they both went over the chair and landed on the floor.",and I told him that the chair fell and to come back into the bedroom and he asked where his daddy was,windowed_5
trial_lie_002,"and whenever she did, they both went over the chair and landed on the floor.",and I told him he was picking up the chair.,windowed_5
trial_lie_002,"And I just went, I ran to the bedroom with Lily.",I didn't even stick around to see what happened.,windowed_5
trial_lie_002,"And I just went, I ran to the bedroom with Lily.","And when I got to the bedroom, little Grant was trying to come, he was coming out of the door and he asked me what that noise was",windowed_5
trial_lie_002,"And I just went, I ran to the bedroom with Lily.",and I told him that the chair fell and to come back into the bedroom and he asked where his daddy was,windowed_5
trial_lie_002,"And I just went, I ran to the bedroom with Lily.",and I told him he was picking up the chair.,windowed_5
trial_lie_002,I didn't even stick around to see what happened.,"And when I got to the bedroom, little Grant was trying to come, he was coming out of the door and he asked me what that noise was",windowed_5
trial_lie_002,I didn't even stick around to see what happened.,and I told him that the chair fell and to come back into the bedroom and he asked where his daddy was,windowed_5
trial_lie_002,I didn't even stick around to see what happened.,and I told him he was picking up the chair.,windowed_5
trial_lie_002,"And when I got to the bedroom, little Grant was trying to come, he was coming out of the door and he asked me what that noise was",and I told him that the chair fell and to come back into the bedroom and he asked where his daddy was,windowed_5
trial_lie_002,"And when I got to the bedroom, little Grant was trying to come, he was coming out of the door and he asked me what that noise was",and I told him he was picking up the chair.,windowed_5
trial_lie_002,and I told him that the chair fell and to come back into the bedroom and he asked where his daddy was,and I told him he was picking up the chair.,windowed_5
trial_lie_005,And he told me that he was trying to figure some stuff out.,"And I asked him like, what?",windowed_5
trial_lie_005,And he told me that he was trying to figure some stuff out.,"And he will, I mean, I'll never forget it.",windowed_5
trial_lie_005,And he told me that he was trying to figure some stuff out.,He was smoking a cigarette.,windowed_5
trial_lie_005,And he told me that he was trying to figure some stuff out.,"And he was like, really calm.",windowed_5
trial_lie_005,And he told me that he was trying to figure some stuff out.,And he looked at me.,windowed_5
trial_lie_005,"And I asked him like, what?","And he will, I mean, I'll never forget it.",windowed_5
trial_lie_005,"And I asked him like, what?",He was smoking a cigarette.,windowed_5
trial_lie_005,"And I asked him like, what?","And he was like, really calm.",windowed_5
trial_lie_005,"And I asked him like, what?",And he looked at me.,windowed_5
trial_lie_005,"And I asked him like, what?","And he said, what would you say if I told you Laura was dead?",windowed_5
trial_lie_005,"And he will, I mean, I'll never forget it.",He was smoking a cigarette.,windowed_5
trial_lie_005,"And he will, I mean, I'll never forget it.","And he was like, really calm.",windowed_5
trial_lie_005,"And he will, I mean, I'll never forget it.",And he looked at me.,windowed_5
trial_lie_005,"And he will, I mean, I'll never forget it.","And he said, what would you say if I told you Laura was dead?",windowed_5
trial_lie_005,"And he will, I mean, I'll never forget it.","And I was like, you know, I was like, what?",windowed_5
trial_lie_005,He was smoking a cigarette.,"And he was like, really calm.",windowed_5
trial_lie_005,He was smoking a cigarette.,And he looked at me.,windowed_5
trial_lie_005,He was smoking a cigarette.,"And he said, what would you say if I told you Laura was dead?",windowed_5
trial_lie_005,He was smoking a cigarette.,"And I was like, you know, I was like, what?",windowed_5
trial_lie_005,He was smoking a cigarette.,"And basically, he told me that the night that Laura had come over to the house that she had died.",windowed_5
trial_lie_005,"And he was like, really calm.",And he looked at me.,windowed_5
trial_lie_005,"And he was like, really calm.","And he said, what would you say if I told you Laura was dead?",windowed_5
trial_lie_005,"And he was like, really calm.","And I was like, you know, I was like, what?",windowed_5
trial_lie_005,"And he was like, really calm.","And basically, he told me that the night that Laura had come over to the house that she had died.",windowed_5
trial_lie_005,"And he was like, really calm.",And that whenever I left that he just panicked and freaked out.,windowed_5
trial_lie_005,And he looked at me.,"And he said, what would you say if I told you Laura was dead?",windowed_5
trial_lie_005,And he looked at me.,"And I was like, you know, I was like, what?",windowed_5
trial_lie_005,And he looked at me.,"And basically, he told me that the night that Laura had come over to the house that she had died.",windowed_5
trial_lie_005,And he looked at me.,And that whenever I left that he just panicked and freaked out.,windowed_5
trial_lie_005,And he looked at me.,"And I got, I started freaking out.",windowed_5
trial_lie_005,"And he said, what would you say if I told you Laura was dead?","And I was like, you know, I was like, what?",windowed_5
trial_lie_005,"And he said, what would you say if I told you Laura was dead?","And basically, he told me that the night that Laura had come over to the house that she had died.",windowed_5
trial_lie_005,"And he said, what would you say if I told you Laura was dead?",And that whenever I left that he just panicked and freaked out.,windowed_5
trial_lie_005,"And he said, what would you say if I told you Laura was dead?","And I got, I started freaking out.",windowed_5
trial_lie_005,"And he said, what would you say if I told you Laura was dead?",And I was asking him why he didn't call the cops.,windowed_5
trial_lie_005,"And I was like, you know, I was like, what?","And basically, he told me that the night that Laura had come over to the house that she had died.",windowed_5
trial_lie_005,"And I was like, you know, I was like, what?",And that whenever I left that he just panicked and freaked out.,windowed_5
trial_lie_005,"And I was like, you know, I was like, what?","And I got, I started freaking out.",windowed_5
trial_lie_005,"And I was like, you know, I was like, what?",And I was asking him why he didn't call the cops.,windowed_5
trial_lie_005,"And I was like, you know, I was like, what?",It will call for help.,windowed_5
trial_lie_005,"And basically, he told me that the night that Laura had come over to the house that she had died.",And that whenever I left that he just panicked and freaked out.,windowed_5
trial_lie_005,"And basically, he told me that the night that Laura had come over to the house that she had died.","And I got, I started freaking out.",windowed_5
trial_lie_005,"And basically, he told me that the night that Laura had come over to the house that she had died.",And I was asking him why he didn't call the cops.,windowed_5
trial_lie_005,"And basically, he told me that the night that Laura had come over to the house that she had died.",It will call for help.,windowed_5
trial_lie_005,"And basically, he told me that the night that Laura had come over to the house that she had died.",Like he told me he was going to.,windowed_5
trial_lie_005,And that whenever I left that he just panicked and freaked out.,"And I got, I started freaking out.",windowed_5
trial_lie_005,And that whenever I left that he just panicked and freaked out.,And I was asking him why he didn't call the cops.,windowed_5
trial_lie_005,And that whenever I left that he just panicked and freaked out.,It will call for help.,windowed_5
trial_lie_005,And that whenever I left that he just panicked and freaked out.,Like he told me he was going to.,windowed_5
trial_lie_005,And that whenever I left that he just panicked and freaked out.,And he told me that he got scared that he was a black man with a dead white woman.,windowed_5
trial_lie_005,"And I got, I started freaking out.",And I was asking him why he didn't call the cops.,windowed_5
trial_lie_005,"And I got, I started freaking out.",It will call for help.,windowed_5
trial_lie_005,"And I got, I started freaking out.",Like he told me he was going to.,windowed_5
trial_lie_005,"And I got, I started freaking out.",And he told me that he got scared that he was a black man with a dead white woman.,windowed_5
trial_lie_005,"And I got, I started freaking out.",And nobody was going to believe him that it was an accident.,windowed_5
trial_lie_005,And I was asking him why he didn't call the cops.,It will call for help.,windowed_5
trial_lie_005,And I was asking him why he didn't call the cops.,Like he told me he was going to.,windowed_5
trial_lie_005,And I was asking him why he didn't call the cops.,And he told me that he got scared that he was a black man with a dead white woman.,windowed_5
trial_lie_005,And I was asking him why he didn't call the cops.,And nobody was going to believe him that it was an accident.,windowed_5
trial_lie_005,It will call for help.,Like he told me he was going to.,windowed_5
trial_lie_005,It will call for help.,And he told me that he got scared that he was a black man with a dead white woman.,windowed_5
trial_lie_005,It will call for help.,And nobody was going to believe him that it was an accident.,windowed_5
trial_lie_005,Like he told me he was going to.,And he told me that he got scared that he was a black man with a dead white woman.,windowed_5
trial_lie_005,Like he told me he was going to.,And nobody was going to believe him that it was an accident.,windowed_5
trial_lie_005,And he told me that he got scared that he was a black man with a dead white woman.,And nobody was going to believe him that it was an accident.,windowed_5
trial_lie_006,"No, I didn't.","The last time I saw it was whenever they fell, whenever I came out, she was already in the bathroom.",windowed_5
trial_lie_006,"No, I didn't.",I never saw her ever.,windowed_5
trial_lie_006,"No, I didn't.","Whenever we got to the boat, it was all covered up.",windowed_5
trial_lie_006,"No, I didn't.","Honestly, I didn't even know there was a middle seat until we saw the boat the other day.",windowed_5
trial_lie_006,"The last time I saw it was whenever they fell, whenever I came out, she was already in the bathroom.",I never saw her ever.,windowed_5
trial_lie_006,"The last time I saw it was whenever they fell, whenever I came out, she was already in the bathroom.","Whenever we got to the boat, it was all covered up.",windowed_5
trial_lie_006,"The last time I saw it was whenever they fell, whenever I came out, she was already in the bathroom.","Honestly, I didn't even know there was a middle seat until we saw the boat the other day.",windowed_5
trial_lie_006,I never saw her ever.,"Whenever we got to the boat, it was all covered up.",windowed_5
trial_lie_006,I never saw her ever.,"Honestly, I didn't even know there was a middle seat until we saw the boat the other day.",windowed_5
trial_lie_006,"Whenever we got to the boat, it was all covered up.","Honestly, I didn't even know there was a middle seat until we saw the boat the other day.",windowed_5
trial_lie_007,"We had some drinks at the bar, maybe one, two.",Did you dance?,windowed_5
trial_lie_007,"We had some drinks at the bar, maybe one, two.",I got onto the dance floor myself as I explained.,windowed_5
trial_lie_007,"We had some drinks at the bar, maybe one, two.","I've been a trained dancer for some time, going to be able to dance freely as I go release.",windowed_5
trial_lie_007,"We had some drinks at the bar, maybe one, two.",I'm very much in my own space when I do that.,windowed_5
trial_lie_007,"We had some drinks at the bar, maybe one, two.",And so I got up,windowed_5
trial_lie_007,Did you dance?,I got onto the dance floor myself as I explained.,windowed_5
trial_lie_007,Did you dance?,"I've been a trained dancer for some time, going to be able to dance freely as I go release.",windowed_5
trial_lie_007,Did you dance?,I'm very much in my own space when I do that.,windowed_5
trial_lie_007,Did you dance?,And so I got up,windowed_5
trial_lie_007,Did you dance?,and I was dancing alone on the dance floor.,windowed_5
trial_lie_007,I got onto the dance floor myself as I explained.,"I've been a trained dancer for some time, going to be able to dance freely as I go release.",windowed_5
trial_lie_007,I got onto the dance floor myself as I explained.,I'm very much in my own space when I do that.,windowed_5
trial_lie_007,I got onto the dance floor myself as I explained.,And so I got up,windowed_5
trial_lie_007,I got onto the dance floor myself as I explained.,and I was dancing alone on the dance floor.,windowed_5
trial_lie_007,I got onto the dance floor myself as I explained.,Did you dance with the defendant?,windowed_5
trial_lie_007,"I've been a trained dancer for some time, going to be able to dance freely as I go release.",I'm very much in my own space when I do that.,windowed_5
trial_lie_007,"I've been a trained dancer for some time, going to be able to dance freely as I go release.",And so I got up,windowed_5
trial_lie_007,"I've been a trained dancer for some time, going to be able to dance freely as I go release.",and I was dancing alone on the dance floor.,windowed_5
trial_lie_007,"I've been a trained dancer for some time, going to be able to dance freely as I go release.",Did you dance with the defendant?,windowed_5
trial_lie_007,"I've been a trained dancer for some time, going to be able to dance freely as I go release.","He came to join the dance floor, did not join me necessarily in the dance floor initially.",windowed_5
trial_lie_007,I'm very much in my own space when I do that.,And so I got up,windowed_5
trial_lie_007,I'm very much in my own space when I do that.,and I was dancing alone on the dance floor.,windowed_5
trial_lie_007,I'm very much in my own space when I do that.,Did you dance with the defendant?,windowed_5
trial_lie_007,I'm very much in my own space when I do that.,"He came to join the dance floor, did not join me necessarily in the dance floor initially.",windowed_5
trial_lie_007,I'm very much in my own space when I do that.,And he was also dancing.,windowed_5
trial_lie_007,And so I got up,and I was dancing alone on the dance floor.,windowed_5
trial_lie_007,And so I got up,Did you dance with the defendant?,windowed_5
trial_lie_007,And so I got up,"He came to join the dance floor, did not join me necessarily in the dance floor initially.",windowed_5
trial_lie_007,And so I got up,And he was also dancing.,windowed_5
trial_lie_007,And so I got up,"And then there was a time where he reached out his hand and as the defense has said, twirl me around.",windowed_5
trial_lie_007,and I was dancing alone on the dance floor.,Did you dance with the defendant?,windowed_5
trial_lie_007,and I was dancing alone on the dance floor.,"He came to join the dance floor, did not join me necessarily in the dance floor initially.",windowed_5
trial_lie_007,and I was dancing alone on the dance floor.,And he was also dancing.,windowed_5
trial_lie_007,and I was dancing alone on the dance floor.,"And then there was a time where he reached out his hand and as the defense has said, twirl me around.",windowed_5
trial_lie_007,and I was dancing alone on the dance floor.,And that's it.,windowed_5
trial_lie_007,Did you dance with the defendant?,"He came to join the dance floor, did not join me necessarily in the dance floor initially.",windowed_5
trial_lie_007,Did you dance with the defendant?,And he was also dancing.,windowed_5
trial_lie_007,Did you dance with the defendant?,"And then there was a time where he reached out his hand and as the defense has said, twirl me around.",windowed_5
trial_lie_007,Did you dance with the defendant?,And that's it.,windowed_5
trial_lie_007,"He came to join the dance floor, did not join me necessarily in the dance floor initially.",And he was also dancing.,windowed_5
trial_lie_007,"He came to join the dance floor, did not join me necessarily in the dance floor initially.","And then there was a time where he reached out his hand and as the defense has said, twirl me around.",windowed_5
trial_lie_007,"He came to join the dance floor, did not join me necessarily in the dance floor initially.",And that's it.,windowed_5
trial_lie_007,And he was also dancing.,"And then there was a time where he reached out his hand and as the defense has said, twirl me around.",windowed_5
trial_lie_007,And he was also dancing.,And that's it.,windowed_5
trial_lie_007,"And then there was a time where he reached out his hand and as the defense has said, twirl me around.",And that's it.,windowed_5
trial_lie_008,Correct.,I didn't go to the dance club as a drinking activity.,windowed_5
trial_lie_008,Correct.,And nor did I know at the time it was a dance club until we got in there.,windowed_5
trial_lie_008,I didn't go to the dance club as a drinking activity.,And nor did I know at the time it was a dance club until we got in there.,windowed_5
trial_lie_009,"When we got to the hotel, I remember sitting, or sitting briefly on the balcony of my room, but then that was that there was no other additional time if that's what you're asking.",So he never spent time in your room?,windowed_5
trial_lie_009,"When we got to the hotel, I remember sitting, or sitting briefly on the balcony of my room, but then that was that there was no other additional time if that's what you're asking.",Besides what I just explained now.,windowed_5
trial_lie_009,So he never spent time in your room?,Besides what I just explained now.,windowed_5
trial_lie_010,I have no idea.,"I was at work, so I was presumably doing work things.",windowed_5
trial_lie_010,I have no idea.,Any idea why you would immediately call the defendant after he talked me to Rustin?,windowed_5
trial_lie_010,I have no idea.,I'm sure it was no.,windowed_5
trial_lie_010,I have no idea.,I'm sure it was work related.,windowed_5
trial_lie_010,I have no idea.,"It does seem coincidental, but I'm sure that there was something else going on that I had to call in about.",windowed_5
trial_lie_010,"I was at work, so I was presumably doing work things.",Any idea why you would immediately call the defendant after he talked me to Rustin?,windowed_5
trial_lie_010,"I was at work, so I was presumably doing work things.",I'm sure it was no.,windowed_5
trial_lie_010,"I was at work, so I was presumably doing work things.",I'm sure it was work related.,windowed_5
trial_lie_010,"I was at work, so I was presumably doing work things.","It does seem coincidental, but I'm sure that there was something else going on that I had to call in about.",windowed_5
trial_lie_010,"I was at work, so I was presumably doing work things.",I talked to him frequently about work matters.,windowed_5
trial_lie_010,Any idea why you would immediately call the defendant after he talked me to Rustin?,I'm sure it was no.,windowed_5
trial_lie_010,Any idea why you would immediately call the defendant after he talked me to Rustin?,I'm sure it was work related.,windowed_5
trial_lie_010,Any idea why you would immediately call the defendant after he talked me to Rustin?,"It does seem coincidental, but I'm sure that there was something else going on that I had to call in about.",windowed_5
trial_lie_010,Any idea why you would immediately call the defendant after he talked me to Rustin?,I talked to him frequently about work matters.,windowed_5
trial_lie_010,Any idea why you would immediately call the defendant after he talked me to Rustin?,There's...,windowed_5
trial_lie_010,I'm sure it was no.,I'm sure it was work related.,windowed_5
trial_lie_010,I'm sure it was no.,"It does seem coincidental, but I'm sure that there was something else going on that I had to call in about.",windowed_5
trial_lie_010,I'm sure it was no.,I talked to him frequently about work matters.,windowed_5
trial_lie_010,I'm sure it was no.,There's...,windowed_5
trial_lie_010,I'm sure it was work related.,"It does seem coincidental, but I'm sure that there was something else going on that I had to call in about.",windowed_5
trial_lie_010,I'm sure it was work related.,I talked to him frequently about work matters.,windowed_5
trial_lie_010,I'm sure it was work related.,There's...,windowed_5
trial_lie_010,"It does seem coincidental, but I'm sure that there was something else going on that I had to call in about.",I talked to him frequently about work matters.,windowed_5
trial_lie_010,"It does seem coincidental, but I'm sure that there was something else going on that I had to call in about.",There's...,windowed_5
trial_lie_010,I talked to him frequently about work matters.,There's...,windowed_5
trial_lie_011,I had just been on a cruise with my husband.,"We hadn't been on vacation for years, alone without the children.",windowed_5
trial_lie_011,I had just been on a cruise with my husband.,"I had a project I needed to complete, and him and sister had had to be completed that day.",windowed_5
trial_lie_011,I had just been on a cruise with my husband.,The only way in which to end it required his input and the only way in which to finish it was to work on it that night.,windowed_5
trial_lie_011,"We hadn't been on vacation for years, alone without the children.","I had a project I needed to complete, and him and sister had had to be completed that day.",windowed_5
trial_lie_011,"We hadn't been on vacation for years, alone without the children.",The only way in which to end it required his input and the only way in which to finish it was to work on it that night.,windowed_5
trial_lie_011,"I had a project I needed to complete, and him and sister had had to be completed that day.",The only way in which to end it required his input and the only way in which to finish it was to work on it that night.,windowed_5
trial_lie_012,"I don't know, maybe 10, 9, 30, 10, something around those lines.",Many even have been slightly later.,windowed_5
trial_lie_013,You were on the way to the daybreak.,"Oh, I don't remember, but evidently, I tried to call any, probably to tell him I had left the office and that something had happened, which seemed was a very normal thing for me to have done.",windowed_5
trial_lie_013,You were on the way to the daybreak.,It was to tell my boss that I had left the office and something had happened to my husband.,windowed_5
trial_lie_013,"Oh, I don't remember, but evidently, I tried to call any, probably to tell him I had left the office and that something had happened, which seemed was a very normal thing for me to have done.",It was to tell my boss that I had left the office and something had happened to my husband.,windowed_5
trial_lie_015,"Right after the shot occurred, we had fallen over in the bathroom, again, toward the sink in garbage can area, kind of in the corner.","So he didn't chase me in that moment, but that's where we struggled on the floor.",windowed_5
trial_lie_015,"Right after the shot occurred, we had fallen over in the bathroom, again, toward the sink in garbage can area, kind of in the corner.","And again, as soon as I broke away",windowed_5
trial_lie_015,"Right after the shot occurred, we had fallen over in the bathroom, again, toward the sink in garbage can area, kind of in the corner.","and he said, effing kill you, bitch.",windowed_5
trial_lie_015,"Right after the shot occurred, we had fallen over in the bathroom, again, toward the sink in garbage can area, kind of in the corner.","I don't remember a lot after that, so whether he chased me or not, I couldn't say.",windowed_5
trial_lie_015,"So he didn't chase me in that moment, but that's where we struggled on the floor.","And again, as soon as I broke away",windowed_5
trial_lie_015,"So he didn't chase me in that moment, but that's where we struggled on the floor.","and he said, effing kill you, bitch.",windowed_5
trial_lie_015,"So he didn't chase me in that moment, but that's where we struggled on the floor.","I don't remember a lot after that, so whether he chased me or not, I couldn't say.",windowed_5
trial_lie_015,"And again, as soon as I broke away","and he said, effing kill you, bitch.",windowed_5
trial_lie_015,"And again, as soon as I broke away","I don't remember a lot after that, so whether he chased me or not, I couldn't say.",windowed_5
trial_lie_015,"and he said, effing kill you, bitch.","I don't remember a lot after that, so whether he chased me or not, I couldn't say.",windowed_5
trial_lie_016,"Well, what I do recall is when I fill the gas cans, rather than have to sell loose gas hose somewhere, I didn't have anywhere to put it.","So I hung it up and when I hung it up, that ends the transaction.",windowed_5
trial_lie_016,"Well, what I do recall is when I fill the gas cans, rather than have to sell loose gas hose somewhere, I didn't have anywhere to put it.",So that's probably why if I could have put them back in the trunk or wherever and then started the car or vice versa.,windowed_5
trial_lie_016,"Well, what I do recall is when I fill the gas cans, rather than have to sell loose gas hose somewhere, I didn't have anywhere to put it.","At one point, I didn't want to just set it on the ground.",windowed_5
trial_lie_016,"Well, what I do recall is when I fill the gas cans, rather than have to sell loose gas hose somewhere, I didn't have anywhere to put it.","So I hung it up, I know that ended the transaction.",windowed_5
trial_lie_016,"Well, what I do recall is when I fill the gas cans, rather than have to sell loose gas hose somewhere, I didn't have anywhere to put it.",So that's probably why there was more than one.,windowed_5
trial_lie_016,"So I hung it up and when I hung it up, that ends the transaction.",So that's probably why if I could have put them back in the trunk or wherever and then started the car or vice versa.,windowed_5
trial_lie_016,"So I hung it up and when I hung it up, that ends the transaction.","At one point, I didn't want to just set it on the ground.",windowed_5
trial_lie_016,"So I hung it up and when I hung it up, that ends the transaction.","So I hung it up, I know that ended the transaction.",windowed_5
trial_lie_016,"So I hung it up and when I hung it up, that ends the transaction.",So that's probably why there was more than one.,windowed_5
trial_lie_016,"So I hung it up and when I hung it up, that ends the transaction.",And maybe I was topping off the gas tank for an...,windowed_5
trial_lie_016,So that's probably why if I could have put them back in the trunk or wherever and then started the car or vice versa.,"At one point, I didn't want to just set it on the ground.",windowed_5
trial_lie_016,So that's probably why if I could have put them back in the trunk or wherever and then started the car or vice versa.,"So I hung it up, I know that ended the transaction.",windowed_5
trial_lie_016,So that's probably why if I could have put them back in the trunk or wherever and then started the car or vice versa.,So that's probably why there was more than one.,windowed_5
trial_lie_016,So that's probably why if I could have put them back in the trunk or wherever and then started the car or vice versa.,And maybe I was topping off the gas tank for an...,windowed_5
trial_lie_016,"At one point, I didn't want to just set it on the ground.","So I hung it up, I know that ended the transaction.",windowed_5
trial_lie_016,"At one point, I didn't want to just set it on the ground.",So that's probably why there was more than one.,windowed_5
trial_lie_016,"At one point, I didn't want to just set it on the ground.",And maybe I was topping off the gas tank for an...,windowed_5
trial_lie_016,"So I hung it up, I know that ended the transaction.",So that's probably why there was more than one.,windowed_5
trial_lie_016,"So I hung it up, I know that ended the transaction.",And maybe I was topping off the gas tank for an...,windowed_5
trial_lie_016,So that's probably why there was more than one.,And maybe I was topping off the gas tank for an...,windowed_5
trial_lie_017,"Again, it took a long time.",It took a long time for me to get to this point.,windowed_5
trial_lie_017,"Again, it took a long time.",I never wanted to admit to this.,windowed_5
trial_lie_017,"Again, it took a long time.",And I had written out all my suicide letters.,windowed_5
trial_lie_017,"Again, it took a long time.",I sent my note.,windowed_5
trial_lie_017,"Again, it took a long time.",I sent them all in and enveloped my grandmother's.,windowed_5
trial_lie_017,It took a long time for me to get to this point.,I never wanted to admit to this.,windowed_5
trial_lie_017,It took a long time for me to get to this point.,And I had written out all my suicide letters.,windowed_5
trial_lie_017,It took a long time for me to get to this point.,I sent my note.,windowed_5
trial_lie_017,It took a long time for me to get to this point.,I sent them all in and enveloped my grandmother's.,windowed_5
trial_lie_017,It took a long time for me to get to this point.,"Do not open until November 10, 2008.",windowed_5
trial_lie_017,I never wanted to admit to this.,And I had written out all my suicide letters.,windowed_5
trial_lie_017,I never wanted to admit to this.,I sent my note.,windowed_5
trial_lie_017,I never wanted to admit to this.,I sent them all in and enveloped my grandmother's.,windowed_5
trial_lie_017,I never wanted to admit to this.,"Do not open until November 10, 2008.",windowed_5
trial_lie_017,I never wanted to admit to this.,I was hoping to be dead by then.,windowed_5
trial_lie_017,And I had written out all my suicide letters.,I sent my note.,windowed_5
trial_lie_017,And I had written out all my suicide letters.,I sent them all in and enveloped my grandmother's.,windowed_5
trial_lie_017,And I had written out all my suicide letters.,"Do not open until November 10, 2008.",windowed_5
trial_lie_017,And I had written out all my suicide letters.,I was hoping to be dead by then.,windowed_5
trial_lie_017,And I had written out all my suicide letters.,I was like giving myself little time to get my affairs in order.,windowed_5
trial_lie_017,I sent my note.,I sent them all in and enveloped my grandmother's.,windowed_5
trial_lie_017,I sent my note.,"Do not open until November 10, 2008.",windowed_5
trial_lie_017,I sent my note.,I was hoping to be dead by then.,windowed_5
trial_lie_017,I sent my note.,I was like giving myself little time to get my affairs in order.,windowed_5
trial_lie_017,I sent my note.,That date rolled by.,windowed_5
trial_lie_017,I sent them all in and enveloped my grandmother's.,"Do not open until November 10, 2008.",windowed_5
trial_lie_017,I sent them all in and enveloped my grandmother's.,I was hoping to be dead by then.,windowed_5
trial_lie_017,I sent them all in and enveloped my grandmother's.,I was like giving myself little time to get my affairs in order.,windowed_5
trial_lie_017,I sent them all in and enveloped my grandmother's.,That date rolled by.,windowed_5
trial_lie_017,I sent them all in and enveloped my grandmother's.,And then more time rolled by.,windowed_5
trial_lie_017,"Do not open until November 10, 2008.",I was hoping to be dead by then.,windowed_5
trial_lie_017,"Do not open until November 10, 2008.",I was like giving myself little time to get my affairs in order.,windowed_5
trial_lie_017,"Do not open until November 10, 2008.",That date rolled by.,windowed_5
trial_lie_017,"Do not open until November 10, 2008.",And then more time rolled by.,windowed_5
trial_lie_017,"Do not open until November 10, 2008.",I was still here.,windowed_5
trial_lie_017,I was hoping to be dead by then.,I was like giving myself little time to get my affairs in order.,windowed_5
trial_lie_017,I was hoping to be dead by then.,That date rolled by.,windowed_5
trial_lie_017,I was hoping to be dead by then.,And then more time rolled by.,windowed_5
trial_lie_017,I was hoping to be dead by then.,I was still here.,windowed_5
trial_lie_017,I was hoping to be dead by then.,"So with the evolution of just time and the years, a couple of years that went by, it was a gradual process.",windowed_5
trial_lie_017,I was like giving myself little time to get my affairs in order.,That date rolled by.,windowed_5
trial_lie_017,I was like giving myself little time to get my affairs in order.,And then more time rolled by.,windowed_5
trial_lie_017,I was like giving myself little time to get my affairs in order.,I was still here.,windowed_5
trial_lie_017,I was like giving myself little time to get my affairs in order.,"So with the evolution of just time and the years, a couple of years that went by, it was a gradual process.",windowed_5
trial_lie_017,I was like giving myself little time to get my affairs in order.,And I began to feel not right about keeping it in instead.,windowed_5
trial_lie_017,That date rolled by.,And then more time rolled by.,windowed_5
trial_lie_017,That date rolled by.,I was still here.,windowed_5
trial_lie_017,That date rolled by.,"So with the evolution of just time and the years, a couple of years that went by, it was a gradual process.",windowed_5
trial_lie_017,That date rolled by.,And I began to feel not right about keeping it in instead.,windowed_5
trial_lie_017,And then more time rolled by.,I was still here.,windowed_5
trial_lie_017,And then more time rolled by.,"So with the evolution of just time and the years, a couple of years that went by, it was a gradual process.",windowed_5
trial_lie_017,And then more time rolled by.,And I began to feel not right about keeping it in instead.,windowed_5
trial_lie_017,I was still here.,"So with the evolution of just time and the years, a couple of years that went by, it was a gradual process.",windowed_5
trial_lie_017,I was still here.,And I began to feel not right about keeping it in instead.,windowed_5
trial_lie_017,"So with the evolution of just time and the years, a couple of years that went by, it was a gradual process.",And I began to feel not right about keeping it in instead.,windowed_5
trial_lie_018,My attempt to talk to them was to present a better image of our relationship and downplay the negative aspects It's not really a big deal.,It wasn't that bad that kind of thing.,windowed_5
trial_lie_018,My attempt to talk to them was to present a better image of our relationship and downplay the negative aspects It's not really a big deal.,"yeah,",windowed_5
trial_lie_018,My attempt to talk to them was to present a better image of our relationship and downplay the negative aspects It's not really a big deal.,I knew that he did that but that wasn't a deal Even our arguments.,windowed_5
trial_lie_018,My attempt to talk to them was to present a better image of our relationship and downplay the negative aspects It's not really a big deal.,Oh sure it was there was turmoil.,windowed_5
trial_lie_018,My attempt to talk to them was to present a better image of our relationship and downplay the negative aspects It's not really a big deal.,"It was rocky, but we were friends.",windowed_5
trial_lie_018,It wasn't that bad that kind of thing.,"yeah,",windowed_5
trial_lie_018,It wasn't that bad that kind of thing.,I knew that he did that but that wasn't a deal Even our arguments.,windowed_5
trial_lie_018,It wasn't that bad that kind of thing.,Oh sure it was there was turmoil.,windowed_5
trial_lie_018,It wasn't that bad that kind of thing.,"It was rocky, but we were friends.",windowed_5
trial_lie_018,It wasn't that bad that kind of thing.,So my attempt was more to present a good image of Travis and a good image of myself and that our relationship had its ups and downs but we were still,windowed_5
trial_lie_018,"yeah,",I knew that he did that but that wasn't a deal Even our arguments.,windowed_5
trial_lie_018,"yeah,",Oh sure it was there was turmoil.,windowed_5
trial_lie_018,"yeah,","It was rocky, but we were friends.",windowed_5
trial_lie_018,"yeah,",So my attempt was more to present a good image of Travis and a good image of myself and that our relationship had its ups and downs but we were still,windowed_5
trial_lie_018,I knew that he did that but that wasn't a deal Even our arguments.,Oh sure it was there was turmoil.,windowed_5
trial_lie_018,I knew that he did that but that wasn't a deal Even our arguments.,"It was rocky, but we were friends.",windowed_5
trial_lie_018,I knew that he did that but that wasn't a deal Even our arguments.,So my attempt was more to present a good image of Travis and a good image of myself and that our relationship had its ups and downs but we were still,windowed_5
trial_lie_018,Oh sure it was there was turmoil.,"It was rocky, but we were friends.",windowed_5
trial_lie_018,Oh sure it was there was turmoil.,So my attempt was more to present a good image of Travis and a good image of myself and that our relationship had its ups and downs but we were still,windowed_5
trial_lie_018,"It was rocky, but we were friends.",So my attempt was more to present a good image of Travis and a good image of myself and that our relationship had its ups and downs but we were still,windowed_5
trial_lie_019,"Well, again, I can't.",It happened so fast.,windowed_5
trial_lie_019,"Well, again, I can't.","I didn't initially think run, so that's why I went down the hallway.",windowed_5
trial_lie_019,"Well, again, I can't.","And then right as I got to the hallway with the doors being shut, it just seemed like more of an obstacle.",windowed_5
trial_lie_019,"Well, again, I can't.","It would give him more time to catch up to open the door this way and run around it and out when this door was in equal distance and open, and I could just run that way and into it.",windowed_5
trial_lie_019,"Well, again, I can't.","So my thought maybe initially was to run out the other door and then around and out, but just something to create more distance.",windowed_5
trial_lie_019,It happened so fast.,"I didn't initially think run, so that's why I went down the hallway.",windowed_5
trial_lie_019,It happened so fast.,"And then right as I got to the hallway with the doors being shut, it just seemed like more of an obstacle.",windowed_5
trial_lie_019,It happened so fast.,"It would give him more time to catch up to open the door this way and run around it and out when this door was in equal distance and open, and I could just run that way and into it.",windowed_5
trial_lie_019,It happened so fast.,"So my thought maybe initially was to run out the other door and then around and out, but just something to create more distance.",windowed_5
trial_lie_019,It happened so fast.,"Because last time I'd run that same route, I was not successful in running out of the room.",windowed_5
trial_lie_019,"I didn't initially think run, so that's why I went down the hallway.","And then right as I got to the hallway with the doors being shut, it just seemed like more of an obstacle.",windowed_5
trial_lie_019,"I didn't initially think run, so that's why I went down the hallway.","It would give him more time to catch up to open the door this way and run around it and out when this door was in equal distance and open, and I could just run that way and into it.",windowed_5
trial_lie_019,"I didn't initially think run, so that's why I went down the hallway.","So my thought maybe initially was to run out the other door and then around and out, but just something to create more distance.",windowed_5
trial_lie_019,"I didn't initially think run, so that's why I went down the hallway.","Because last time I'd run that same route, I was not successful in running out of the room.",windowed_5
trial_lie_019,"And then right as I got to the hallway with the doors being shut, it just seemed like more of an obstacle.","It would give him more time to catch up to open the door this way and run around it and out when this door was in equal distance and open, and I could just run that way and into it.",windowed_5
trial_lie_019,"And then right as I got to the hallway with the doors being shut, it just seemed like more of an obstacle.","So my thought maybe initially was to run out the other door and then around and out, but just something to create more distance.",windowed_5
trial_lie_019,"And then right as I got to the hallway with the doors being shut, it just seemed like more of an obstacle.","Because last time I'd run that same route, I was not successful in running out of the room.",windowed_5
trial_lie_019,"It would give him more time to catch up to open the door this way and run around it and out when this door was in equal distance and open, and I could just run that way and into it.","So my thought maybe initially was to run out the other door and then around and out, but just something to create more distance.",windowed_5
trial_lie_019,"It would give him more time to catch up to open the door this way and run around it and out when this door was in equal distance and open, and I could just run that way and into it.","Because last time I'd run that same route, I was not successful in running out of the room.",windowed_5
trial_lie_019,"So my thought maybe initially was to run out the other door and then around and out, but just something to create more distance.","Because last time I'd run that same route, I was not successful in running out of the room.",windowed_5
trial_lie_021,I do recall him screaming and yelling at me.,"So I don't know if that constitutes his talking, but he was saying words.",windowed_5
trial_lie_021,I do recall him screaming and yelling at me.,The other things I don't recall as far as the thing I'm all for is I don't.,windowed_5
trial_lie_021,"So I don't know if that constitutes his talking, but he was saying words.",The other things I don't recall as far as the thing I'm all for is I don't.,windowed_5
trial_lie_022,"Well, I think that I have a good memory and June 4th is an anomaly for me.","It's like I said yesterday, it's in a class of its own",windowed_5
trial_lie_022,"Well, I think that I have a good memory and June 4th is an anomaly for me.","and I can't explain why, what kind of state of mind I was in.",windowed_5
trial_lie_022,"Well, I think that I have a good memory and June 4th is an anomaly for me.","It was, the most of the day was an entire blank and little pieces have come back but not very many.",windowed_5
trial_lie_022,"Well, I think that I have a good memory and June 4th is an anomaly for me.",So I can't explain that day alone but if you were to put that day over here all the other days of my life I don't think I have memory issues that are any different from another average person.,windowed_5
trial_lie_022,"It's like I said yesterday, it's in a class of its own","and I can't explain why, what kind of state of mind I was in.",windowed_5
trial_lie_022,"It's like I said yesterday, it's in a class of its own","It was, the most of the day was an entire blank and little pieces have come back but not very many.",windowed_5
trial_lie_022,"It's like I said yesterday, it's in a class of its own",So I can't explain that day alone but if you were to put that day over here all the other days of my life I don't think I have memory issues that are any different from another average person.,windowed_5
trial_lie_022,"and I can't explain why, what kind of state of mind I was in.","It was, the most of the day was an entire blank and little pieces have come back but not very many.",windowed_5
trial_lie_022,"and I can't explain why, what kind of state of mind I was in.",So I can't explain that day alone but if you were to put that day over here all the other days of my life I don't think I have memory issues that are any different from another average person.,windowed_5
trial_lie_022,"It was, the most of the day was an entire blank and little pieces have come back but not very many.",So I can't explain that day alone but if you were to put that day over here all the other days of my life I don't think I have memory issues that are any different from another average person.,windowed_5
trial_lie_023,Lying isn't typically something I just do.,"I'm not going to say that I've never told a lie in my life before this incident, but the lies that I've told in this case can be tied directly back to either protecting Travis's reputation or my involvement in his death in any way.",windowed_5
trial_lie_023,Lying isn't typically something I just do.,Because I was very ashamed of the death and also I wanted to edify Travis in a good way.,windowed_5
trial_lie_023,Lying isn't typically something I just do.,"I didn't want to de-edify him or say hateful things about him, especially now that he had passed away.",windowed_5
trial_lie_023,Lying isn't typically something I just do.,"And I also didn't want that to be construed as motive, for example, if he was violent with me.",windowed_5
trial_lie_023,"I'm not going to say that I've never told a lie in my life before this incident, but the lies that I've told in this case can be tied directly back to either protecting Travis's reputation or my involvement in his death in any way.",Because I was very ashamed of the death and also I wanted to edify Travis in a good way.,windowed_5
trial_lie_023,"I'm not going to say that I've never told a lie in my life before this incident, but the lies that I've told in this case can be tied directly back to either protecting Travis's reputation or my involvement in his death in any way.","I didn't want to de-edify him or say hateful things about him, especially now that he had passed away.",windowed_5
trial_lie_023,"I'm not going to say that I've never told a lie in my life before this incident, but the lies that I've told in this case can be tied directly back to either protecting Travis's reputation or my involvement in his death in any way.","And I also didn't want that to be construed as motive, for example, if he was violent with me.",windowed_5
trial_lie_023,Because I was very ashamed of the death and also I wanted to edify Travis in a good way.,"I didn't want to de-edify him or say hateful things about him, especially now that he had passed away.",windowed_5
trial_lie_023,Because I was very ashamed of the death and also I wanted to edify Travis in a good way.,"And I also didn't want that to be construed as motive, for example, if he was violent with me.",windowed_5
trial_lie_023,"I didn't want to de-edify him or say hateful things about him, especially now that he had passed away.","And I also didn't want that to be construed as motive, for example, if he was violent with me.",windowed_5
trial_lie_024,So I was experiencing disorientation.,"I wasn't thinking, gosh, Travis just choked me out.",windowed_5
trial_lie_024,So I was experiencing disorientation.,"I was actually a thought, sort of, wonder through my mind.",windowed_5
trial_lie_024,So I was experiencing disorientation.,"I said, where's Napoleon in my head?",windowed_5
trial_lie_024,So I was experiencing disorientation.,That was my thought.,windowed_5
trial_lie_024,So I was experiencing disorientation.,So it didn't really have any relation to the event.,windowed_5
trial_lie_024,"I wasn't thinking, gosh, Travis just choked me out.","I was actually a thought, sort of, wonder through my mind.",windowed_5
trial_lie_024,"I wasn't thinking, gosh, Travis just choked me out.","I said, where's Napoleon in my head?",windowed_5
trial_lie_024,"I wasn't thinking, gosh, Travis just choked me out.",That was my thought.,windowed_5
trial_lie_024,"I wasn't thinking, gosh, Travis just choked me out.",So it didn't really have any relation to the event.,windowed_5
trial_lie_024,"I wasn't thinking, gosh, Travis just choked me out.",That was just a thought.,windowed_5
trial_lie_024,"I was actually a thought, sort of, wonder through my mind.","I said, where's Napoleon in my head?",windowed_5
trial_lie_024,"I was actually a thought, sort of, wonder through my mind.",That was my thought.,windowed_5
trial_lie_024,"I was actually a thought, sort of, wonder through my mind.",So it didn't really have any relation to the event.,windowed_5
trial_lie_024,"I was actually a thought, sort of, wonder through my mind.",That was just a thought.,windowed_5
trial_lie_024,"I was actually a thought, sort of, wonder through my mind.",I was kind of getting my bearings.,windowed_5
trial_lie_024,"I said, where's Napoleon in my head?",That was my thought.,windowed_5
trial_lie_024,"I said, where's Napoleon in my head?",So it didn't really have any relation to the event.,windowed_5
trial_lie_024,"I said, where's Napoleon in my head?",That was just a thought.,windowed_5
trial_lie_024,"I said, where's Napoleon in my head?",I was kind of getting my bearings.,windowed_5
trial_lie_024,"I said, where's Napoleon in my head?","So there is, it's not completely clear.",windowed_5
trial_lie_024,That was my thought.,So it didn't really have any relation to the event.,windowed_5
trial_lie_024,That was my thought.,That was just a thought.,windowed_5
trial_lie_024,That was my thought.,I was kind of getting my bearings.,windowed_5
trial_lie_024,That was my thought.,"So there is, it's not completely clear.",windowed_5
trial_lie_024,That was my thought.,I just remember he had his hands around my neck and he was banging my head on the carpet.,windowed_5
trial_lie_024,So it didn't really have any relation to the event.,That was just a thought.,windowed_5
trial_lie_024,So it didn't really have any relation to the event.,I was kind of getting my bearings.,windowed_5
trial_lie_024,So it didn't really have any relation to the event.,"So there is, it's not completely clear.",windowed_5
trial_lie_024,So it didn't really have any relation to the event.,I just remember he had his hands around my neck and he was banging my head on the carpet.,windowed_5
trial_lie_024,So it didn't really have any relation to the event.,"And I tried to push him off and it was, then, I blacked out.",windowed_5
trial_lie_024,That was just a thought.,I was kind of getting my bearings.,windowed_5
trial_lie_024,That was just a thought.,"So there is, it's not completely clear.",windowed_5
trial_lie_024,That was just a thought.,I just remember he had his hands around my neck and he was banging my head on the carpet.,windowed_5
trial_lie_024,That was just a thought.,"And I tried to push him off and it was, then, I blacked out.",windowed_5
trial_lie_024,That was just a thought.,Really shortly.,windowed_5
trial_lie_024,I was kind of getting my bearings.,"So there is, it's not completely clear.",windowed_5
trial_lie_024,I was kind of getting my bearings.,I just remember he had his hands around my neck and he was banging my head on the carpet.,windowed_5
trial_lie_024,I was kind of getting my bearings.,"And I tried to push him off and it was, then, I blacked out.",windowed_5
trial_lie_024,I was kind of getting my bearings.,Really shortly.,windowed_5
trial_lie_024,"So there is, it's not completely clear.",I just remember he had his hands around my neck and he was banging my head on the carpet.,windowed_5
trial_lie_024,"So there is, it's not completely clear.","And I tried to push him off and it was, then, I blacked out.",windowed_5
trial_lie_024,"So there is, it's not completely clear.",Really shortly.,windowed_5
trial_lie_024,I just remember he had his hands around my neck and he was banging my head on the carpet.,"And I tried to push him off and it was, then, I blacked out.",windowed_5
trial_lie_024,I just remember he had his hands around my neck and he was banging my head on the carpet.,Really shortly.,windowed_5
trial_lie_024,"And I tried to push him off and it was, then, I blacked out.",Really shortly.,windowed_5
trial_lie_025,"as far as details, every detail.","I just sometimes I have a general sense of what's going on and sometimes I don't, but as far as the fog goes, it's more, again, just words that are being spoken or screamed or yelled and that's processing that sort of thing.",windowed_5
trial_lie_025,"as far as details, every detail.",Physical things I can remember because I feel them physically.,windowed_5
trial_lie_025,"as far as details, every detail.","I can remember what I feel internally and emotionally as well, but it's more the words that are being spoken and their meanings, but I do remember what I feel.",windowed_5
trial_lie_025,"I just sometimes I have a general sense of what's going on and sometimes I don't, but as far as the fog goes, it's more, again, just words that are being spoken or screamed or yelled and that's processing that sort of thing.",Physical things I can remember because I feel them physically.,windowed_5
trial_lie_025,"I just sometimes I have a general sense of what's going on and sometimes I don't, but as far as the fog goes, it's more, again, just words that are being spoken or screamed or yelled and that's processing that sort of thing.","I can remember what I feel internally and emotionally as well, but it's more the words that are being spoken and their meanings, but I do remember what I feel.",windowed_5
trial_lie_025,Physical things I can remember because I feel them physically.,"I can remember what I feel internally and emotionally as well, but it's more the words that are being spoken and their meanings, but I do remember what I feel.",windowed_5
trial_lie_026,"I was, I believed that it's not okay in any circumstance to take someone's life, even if you're defending your own life.",That's how I believed it.,windowed_5
trial_lie_026,"I was, I believed that it's not okay in any circumstance to take someone's life, even if you're defending your own life.",So I never really stopped to consider how society would view it.,windowed_5
trial_lie_026,"I was, I believed that it's not okay in any circumstance to take someone's life, even if you're defending your own life.","If someone is defending themselves, I just felt like I had done something wrong and I was afraid of what the consequences would be.",windowed_5
trial_lie_026,That's how I believed it.,So I never really stopped to consider how society would view it.,windowed_5
trial_lie_026,That's how I believed it.,"If someone is defending themselves, I just felt like I had done something wrong and I was afraid of what the consequences would be.",windowed_5
trial_lie_026,So I never really stopped to consider how society would view it.,"If someone is defending themselves, I just felt like I had done something wrong and I was afraid of what the consequences would be.",windowed_5
trial_lie_027,"The lunging and the gun going off with sort of contemporaneous, I don't remember how close they were or if they happen to be exact at the same moment or one right after the other.",It all happened very fast and it all seemed to happen all at once.,windowed_5
trial_lie_027,"The lunging and the gun going off with sort of contemporaneous, I don't remember how close they were or if they happen to be exact at the same moment or one right after the other.","And I would say as far as distance, maybe as far as Mr. Babakia's, but I couldn't say for sure, perhaps with certain circumstances.",windowed_5
trial_lie_027,It all happened very fast and it all seemed to happen all at once.,"And I would say as far as distance, maybe as far as Mr. Babakia's, but I couldn't say for sure, perhaps with certain circumstances.",windowed_5
trial_lie_028,"Well, it happened very fast.",I didn't have time to think.,windowed_5
trial_lie_028,"Well, it happened very fast.",Everything just happened.,windowed_5
trial_lie_028,"Well, it happened very fast.",It seemed in a split second.,windowed_5
trial_lie_028,"Well, it happened very fast.","So I really don't, it just didn't have time to think.",windowed_5
trial_lie_028,"Well, it happened very fast.",Move this way or that way or back up or do this or that.,windowed_5
trial_lie_028,I didn't have time to think.,Everything just happened.,windowed_5
trial_lie_028,I didn't have time to think.,It seemed in a split second.,windowed_5
trial_lie_028,I didn't have time to think.,"So I really don't, it just didn't have time to think.",windowed_5
trial_lie_028,I didn't have time to think.,Move this way or that way or back up or do this or that.,windowed_5
trial_lie_028,I didn't have time to think.,It just happened the way it happened without really thinking about the best move to make.,windowed_5
trial_lie_028,Everything just happened.,It seemed in a split second.,windowed_5
trial_lie_028,Everything just happened.,"So I really don't, it just didn't have time to think.",windowed_5
trial_lie_028,Everything just happened.,Move this way or that way or back up or do this or that.,windowed_5
trial_lie_028,Everything just happened.,It just happened the way it happened without really thinking about the best move to make.,windowed_5
trial_lie_028,It seemed in a split second.,"So I really don't, it just didn't have time to think.",windowed_5
trial_lie_028,It seemed in a split second.,Move this way or that way or back up or do this or that.,windowed_5
trial_lie_028,It seemed in a split second.,It just happened the way it happened without really thinking about the best move to make.,windowed_5
trial_lie_028,"So I really don't, it just didn't have time to think.",Move this way or that way or back up or do this or that.,windowed_5
trial_lie_028,"So I really don't, it just didn't have time to think.",It just happened the way it happened without really thinking about the best move to make.,windowed_5
trial_lie_028,Move this way or that way or back up or do this or that.,It just happened the way it happened without really thinking about the best move to make.,windowed_5
trial_lie_030,In a sense that's correct.,I remember that dropping the knife and screaming and that memory came much later.,windowed_5
trial_lie_030,In a sense that's correct.,I'm sorry.,windowed_5
trial_lie_030,In a sense that's correct.,Can I ever roll?,windowed_5
trial_lie_030,In a sense that's correct.,"Okay, make it.",windowed_5
trial_lie_030,In a sense that's correct.,But it goes blank after that.,windowed_5
trial_lie_030,I remember that dropping the knife and screaming and that memory came much later.,I'm sorry.,windowed_5
trial_lie_030,I remember that dropping the knife and screaming and that memory came much later.,Can I ever roll?,windowed_5
trial_lie_030,I remember that dropping the knife and screaming and that memory came much later.,"Okay, make it.",windowed_5
trial_lie_030,I remember that dropping the knife and screaming and that memory came much later.,But it goes blank after that.,windowed_5
trial_lie_030,I remember that dropping the knife and screaming and that memory came much later.,I don't remember putting the gun in the car.,windowed_5
trial_lie_030,I'm sorry.,Can I ever roll?,windowed_5
trial_lie_030,I'm sorry.,"Okay, make it.",windowed_5
trial_lie_030,I'm sorry.,But it goes blank after that.,windowed_5
trial_lie_030,I'm sorry.,I don't remember putting the gun in the car.,windowed_5
trial_lie_030,I'm sorry.,I don't remember putting the rope in the car.,windowed_5
trial_lie_030,Can I ever roll?,"Okay, make it.",windowed_5
trial_lie_030,Can I ever roll?,But it goes blank after that.,windowed_5
trial_lie_030,Can I ever roll?,I don't remember putting the gun in the car.,windowed_5
trial_lie_030,Can I ever roll?,I don't remember putting the rope in the car.,windowed_5
trial_lie_030,Can I ever roll?,But I have not crystal clear but pretty solid memories of disposing of those things.,windowed_5
trial_lie_030,"Okay, make it.",But it goes blank after that.,windowed_5
trial_lie_030,"Okay, make it.",I don't remember putting the gun in the car.,windowed_5
trial_lie_030,"Okay, make it.",I don't remember putting the rope in the car.,windowed_5
trial_lie_030,"Okay, make it.",But I have not crystal clear but pretty solid memories of disposing of those things.,windowed_5
trial_lie_030,"Okay, make it.",So they did go in the car.,windowed_5
trial_lie_030,But it goes blank after that.,I don't remember putting the gun in the car.,windowed_5
trial_lie_030,But it goes blank after that.,I don't remember putting the rope in the car.,windowed_5
trial_lie_030,But it goes blank after that.,But I have not crystal clear but pretty solid memories of disposing of those things.,windowed_5
trial_lie_030,But it goes blank after that.,So they did go in the car.,windowed_5
trial_lie_030,But it goes blank after that.,"Obviously, but I don't remember placing them in the car.",windowed_5
trial_lie_030,I don't remember putting the gun in the car.,I don't remember putting the rope in the car.,windowed_5
trial_lie_030,I don't remember putting the gun in the car.,But I have not crystal clear but pretty solid memories of disposing of those things.,windowed_5
trial_lie_030,I don't remember putting the gun in the car.,So they did go in the car.,windowed_5
trial_lie_030,I don't remember putting the gun in the car.,"Obviously, but I don't remember placing them in the car.",windowed_5
trial_lie_030,I don't remember putting the rope in the car.,But I have not crystal clear but pretty solid memories of disposing of those things.,windowed_5
trial_lie_030,I don't remember putting the rope in the car.,So they did go in the car.,windowed_5
trial_lie_030,I don't remember putting the rope in the car.,"Obviously, but I don't remember placing them in the car.",windowed_5
trial_lie_030,But I have not crystal clear but pretty solid memories of disposing of those things.,So they did go in the car.,windowed_5
trial_lie_030,But I have not crystal clear but pretty solid memories of disposing of those things.,"Obviously, but I don't remember placing them in the car.",windowed_5
trial_lie_030,So they did go in the car.,"Obviously, but I don't remember placing them in the car.",windowed_5
trial_lie_031,"Well, I do know that we struggled that day",and I mean based on logic it would have been because of how we fought.,windowed_5
trial_lie_031,"Well, I do know that we struggled that day","I don't know how things ended up, where they ended up.",windowed_5
trial_lie_031,"Well, I do know that we struggled that day",I just know that we were fighting physically.,windowed_5
trial_lie_031,and I mean based on logic it would have been because of how we fought.,"I don't know how things ended up, where they ended up.",windowed_5
trial_lie_031,and I mean based on logic it would have been because of how we fought.,I just know that we were fighting physically.,windowed_5
trial_lie_031,"I don't know how things ended up, where they ended up.",I just know that we were fighting physically.,windowed_5
trial_lie_032,"He said he was hungry, get something.","There is a pizza receipt sitting there, I called it order.",windowed_5
trial_lie_032,"He said he was hungry, get something.","When the pizza man came, was right after Tim had been over.",windowed_5
trial_lie_032,"He said he was hungry, get something.","And when Tim was over, I had just got me standing behind that partially open door Tim talked about with the gun.",windowed_5
trial_lie_032,"There is a pizza receipt sitting there, I called it order.","When the pizza man came, was right after Tim had been over.",windowed_5
trial_lie_032,"There is a pizza receipt sitting there, I called it order.","And when Tim was over, I had just got me standing behind that partially open door Tim talked about with the gun.",windowed_5
trial_lie_032,"When the pizza man came, was right after Tim had been over.","And when Tim was over, I had just got me standing behind that partially open door Tim talked about with the gun.",windowed_5
trial_lie_033,I Get them keys back there don't want to look at you.,I got to go on up there Get them keys back there.,windowed_5
trial_lie_033,I Get them keys back there don't want to look at you.,They'll fail a little bit.,windowed_5
trial_lie_033,I Get them keys back there don't want to look at you.,But get them back there when the poly are coming shot,windowed_5
trial_lie_033,I Get them keys back there don't want to look at you.,But what they gonna say then,windowed_5
trial_lie_033,I Get them keys back there don't want to look at you.,"Well, I could have look at all the rings I had I want to hear something I could I want you know, but they want them hostage don't folks stay in You see the man he made it just a five don't folk gone to jail",windowed_5
trial_lie_033,I got to go on up there Get them keys back there.,They'll fail a little bit.,windowed_5
trial_lie_033,I got to go on up there Get them keys back there.,But get them back there when the poly are coming shot,windowed_5
trial_lie_033,I got to go on up there Get them keys back there.,But what they gonna say then,windowed_5
trial_lie_033,I got to go on up there Get them keys back there.,"Well, I could have look at all the rings I had I want to hear something I could I want you know, but they want them hostage don't folks stay in You see the man he made it just a five don't folk gone to jail",windowed_5
trial_lie_033,I got to go on up there Get them keys back there.,They don't come here say that on me.,windowed_5
trial_lie_033,They'll fail a little bit.,But get them back there when the poly are coming shot,windowed_5
trial_lie_033,They'll fail a little bit.,But what they gonna say then,windowed_5
trial_lie_033,They'll fail a little bit.,"Well, I could have look at all the rings I had I want to hear something I could I want you know, but they want them hostage don't folks stay in You see the man he made it just a five don't folk gone to jail",windowed_5
trial_lie_033,They'll fail a little bit.,They don't come here say that on me.,windowed_5
trial_lie_033,They'll fail a little bit.,"Oh, I ain't just mad at them.",windowed_5
trial_lie_033,But get them back there when the poly are coming shot,But what they gonna say then,windowed_5
trial_lie_033,But get them back there when the poly are coming shot,"Well, I could have look at all the rings I had I want to hear something I could I want you know, but they want them hostage don't folks stay in You see the man he made it just a five don't folk gone to jail",windowed_5
trial_lie_033,But get them back there when the poly are coming shot,They don't come here say that on me.,windowed_5
trial_lie_033,But get them back there when the poly are coming shot,"Oh, I ain't just mad at them.",windowed_5
trial_lie_033,But get them back there when the poly are coming shot,"We're coming on the stage They're scared And it should have to be like that, but people like that make them like you see him you make terrible of them",windowed_5
trial_lie_033,But what they gonna say then,"Well, I could have look at all the rings I had I want to hear something I could I want you know, but they want them hostage don't folks stay in You see the man he made it just a five don't folk gone to jail",windowed_5
trial_lie_033,But what they gonna say then,They don't come here say that on me.,windowed_5
trial_lie_033,But what they gonna say then,"Oh, I ain't just mad at them.",windowed_5
trial_lie_033,But what they gonna say then,"We're coming on the stage They're scared And it should have to be like that, but people like that make them like you see him you make terrible of them",windowed_5
trial_lie_033,But what they gonna say then,He will pack the bigger man you're gonna make each other fight.,windowed_5
trial_lie_033,"Well, I could have look at all the rings I had I want to hear something I could I want you know, but they want them hostage don't folks stay in You see the man he made it just a five don't folk gone to jail",They don't come here say that on me.,windowed_5
trial_lie_033,"Well, I could have look at all the rings I had I want to hear something I could I want you know, but they want them hostage don't folks stay in You see the man he made it just a five don't folk gone to jail","Oh, I ain't just mad at them.",windowed_5
trial_lie_033,"Well, I could have look at all the rings I had I want to hear something I could I want you know, but they want them hostage don't folks stay in You see the man he made it just a five don't folk gone to jail","We're coming on the stage They're scared And it should have to be like that, but people like that make them like you see him you make terrible of them",windowed_5
trial_lie_033,"Well, I could have look at all the rings I had I want to hear something I could I want you know, but they want them hostage don't folks stay in You see the man he made it just a five don't folk gone to jail",He will pack the bigger man you're gonna make each other fight.,windowed_5
trial_lie_033,"Well, I could have look at all the rings I had I want to hear something I could I want you know, but they want them hostage don't folks stay in You see the man he made it just a five don't folk gone to jail",I made him do it,windowed_5
trial_lie_033,They don't come here say that on me.,"Oh, I ain't just mad at them.",windowed_5
trial_lie_033,They don't come here say that on me.,"We're coming on the stage They're scared And it should have to be like that, but people like that make them like you see him you make terrible of them",windowed_5
trial_lie_033,They don't come here say that on me.,He will pack the bigger man you're gonna make each other fight.,windowed_5
trial_lie_033,They don't come here say that on me.,I made him do it,windowed_5
trial_lie_033,"Oh, I ain't just mad at them.","We're coming on the stage They're scared And it should have to be like that, but people like that make them like you see him you make terrible of them",windowed_5
trial_lie_033,"Oh, I ain't just mad at them.",He will pack the bigger man you're gonna make each other fight.,windowed_5
trial_lie_033,"Oh, I ain't just mad at them.",I made him do it,windowed_5
trial_lie_033,"We're coming on the stage They're scared And it should have to be like that, but people like that make them like you see him you make terrible of them",He will pack the bigger man you're gonna make each other fight.,windowed_5
trial_lie_033,"We're coming on the stage They're scared And it should have to be like that, but people like that make them like you see him you make terrible of them",I made him do it,windowed_5
trial_lie_033,He will pack the bigger man you're gonna make each other fight.,I made him do it,windowed_5
trial_lie_034,Now he pushed me and I was up in his face.,That middle way in his face.,windowed_5
trial_lie_034,Now he pushed me and I was up in his face.,Did I have to call the police?,windowed_5
trial_lie_034,Now he pushed me and I was up in his face.,"I'm sorry, go ahead.",windowed_5
trial_lie_034,Now he pushed me and I was up in his face.,Pushed me.,windowed_5
trial_lie_034,Now he pushed me and I was up in his face.,I don't know if he did it for him first.,windowed_5
trial_lie_034,That middle way in his face.,Did I have to call the police?,windowed_5
trial_lie_034,That middle way in his face.,"I'm sorry, go ahead.",windowed_5
trial_lie_034,That middle way in his face.,Pushed me.,windowed_5
trial_lie_034,That middle way in his face.,I don't know if he did it for him first.,windowed_5
trial_lie_034,That middle way in his face.,"He scratched my neck and as he scratched my neck, I had a rag, T-shirt on anyway, because I didn't take care of my animal and before I started.",windowed_5
trial_lie_034,Did I have to call the police?,"I'm sorry, go ahead.",windowed_5
trial_lie_034,Did I have to call the police?,Pushed me.,windowed_5
trial_lie_034,Did I have to call the police?,I don't know if he did it for him first.,windowed_5
trial_lie_034,Did I have to call the police?,"He scratched my neck and as he scratched my neck, I had a rag, T-shirt on anyway, because I didn't take care of my animal and before I started.",windowed_5
trial_lie_034,Did I have to call the police?,He marked...,windowed_5
trial_lie_034,"I'm sorry, go ahead.",Pushed me.,windowed_5
trial_lie_034,"I'm sorry, go ahead.",I don't know if he did it for him first.,windowed_5
trial_lie_034,"I'm sorry, go ahead.","He scratched my neck and as he scratched my neck, I had a rag, T-shirt on anyway, because I didn't take care of my animal and before I started.",windowed_5
trial_lie_034,"I'm sorry, go ahead.",He marked...,windowed_5
trial_lie_034,Pushed me.,I don't know if he did it for him first.,windowed_5
trial_lie_034,Pushed me.,"He scratched my neck and as he scratched my neck, I had a rag, T-shirt on anyway, because I didn't take care of my animal and before I started.",windowed_5
trial_lie_034,Pushed me.,He marked...,windowed_5
trial_lie_034,I don't know if he did it for him first.,"He scratched my neck and as he scratched my neck, I had a rag, T-shirt on anyway, because I didn't take care of my animal and before I started.",windowed_5
trial_lie_034,I don't know if he did it for him first.,He marked...,windowed_5
trial_lie_034,"He scratched my neck and as he scratched my neck, I had a rag, T-shirt on anyway, because I didn't take care of my animal and before I started.",He marked...,windowed_5
trial_lie_035,I want to say this prosecutor I can't see her face,but I wish I could you discuss me the Dorsey family to discuss me because how dare you say that it happened to my son you weren't there y'all was never there you were at absentee people always so the Dorsey family down to the mother to the father to everybody I hope y'all live your life well without seeing my child Gabrielle Blair you lived well without seeing them throughout their whole life so live well,windowed_5
trial_lie_035,I want to say this prosecutor I can't see her face,now but you ain't got nothing to say to me what I did for my child period,windowed_5
trial_lie_035,but I wish I could you discuss me the Dorsey family to discuss me because how dare you say that it happened to my son you weren't there y'all was never there you were at absentee people always so the Dorsey family down to the mother to the father to everybody I hope y'all live your life well without seeing my child Gabrielle Blair you lived well without seeing them throughout their whole life so live well,now but you ain't got nothing to say to me what I did for my child period,windowed_5
trial_lie_036,"For now the brothers and sisters, their children, I know he was a fun loving uncle and I'm sad that you can't continue to experience this life.","Before I can't, there is something no way to explain.",windowed_5
trial_lie_036,"For now the brothers and sisters, their children, I know he was a fun loving uncle and I'm sad that you can't continue to experience this life.",It makes sense as a situation.,windowed_5
trial_lie_036,"For now the brothers and sisters, their children, I know he was a fun loving uncle and I'm sad that you can't continue to experience this life.",And I'm truly sorry for that.,windowed_5
trial_lie_036,"Before I can't, there is something no way to explain.",It makes sense as a situation.,windowed_5
trial_lie_036,"Before I can't, there is something no way to explain.",And I'm truly sorry for that.,windowed_5
trial_lie_036,It makes sense as a situation.,And I'm truly sorry for that.,windowed_5
trial_lie_037,What happened?,He straddle me and he hit me and then he started choking me.,windowed_5
trial_lie_037,What happened?,And he just started to help that felt.,windowed_5
trial_lie_037,What happened?,I couldn't breathe.,windowed_5
trial_lie_037,What happened?,My airway was cut off where I couldn't breathe.,windowed_5
trial_lie_037,What happened?,My head was hurting really bad.,windowed_5
trial_lie_037,He straddle me and he hit me and then he started choking me.,And he just started to help that felt.,windowed_5
trial_lie_037,He straddle me and he hit me and then he started choking me.,I couldn't breathe.,windowed_5
trial_lie_037,He straddle me and he hit me and then he started choking me.,My airway was cut off where I couldn't breathe.,windowed_5
trial_lie_037,He straddle me and he hit me and then he started choking me.,My head was hurting really bad.,windowed_5
trial_lie_037,He straddle me and he hit me and then he started choking me.,And it felt like my head was going to explode.,windowed_5
trial_lie_037,And he just started to help that felt.,I couldn't breathe.,windowed_5
trial_lie_037,And he just started to help that felt.,My airway was cut off where I couldn't breathe.,windowed_5
trial_lie_037,And he just started to help that felt.,My head was hurting really bad.,windowed_5
trial_lie_037,And he just started to help that felt.,And it felt like my head was going to explode.,windowed_5
trial_lie_037,And he just started to help that felt.,"And then, well,",windowed_5
trial_lie_037,I couldn't breathe.,My airway was cut off where I couldn't breathe.,windowed_5
trial_lie_037,I couldn't breathe.,My head was hurting really bad.,windowed_5
trial_lie_037,I couldn't breathe.,And it felt like my head was going to explode.,windowed_5
trial_lie_037,I couldn't breathe.,"And then, well,",windowed_5
trial_lie_037,My airway was cut off where I couldn't breathe.,My head was hurting really bad.,windowed_5
trial_lie_037,My airway was cut off where I couldn't breathe.,And it felt like my head was going to explode.,windowed_5
trial_lie_037,My airway was cut off where I couldn't breathe.,"And then, well,",windowed_5
trial_lie_037,My head was hurting really bad.,And it felt like my head was going to explode.,windowed_5
trial_lie_037,My head was hurting really bad.,"And then, well,",windowed_5
trial_lie_037,And it felt like my head was going to explode.,"And then, well,",windowed_5
trial_lie_038,I was trying to say something,but I couldn't talk.,windowed_5
trial_lie_038,I was trying to say something,I tried to push them off and we were too strong.,windowed_5
trial_lie_038,I was trying to say something,"All I could think about was my kids telling me, no, mom, you don't go.",windowed_5
trial_lie_038,I was trying to say something,Don't go.,windowed_5
trial_lie_038,I was trying to say something,"Okay, actually.",windowed_5
trial_lie_038,but I couldn't talk.,I tried to push them off and we were too strong.,windowed_5
trial_lie_038,but I couldn't talk.,"All I could think about was my kids telling me, no, mom, you don't go.",windowed_5
trial_lie_038,but I couldn't talk.,Don't go.,windowed_5
trial_lie_038,but I couldn't talk.,"Okay, actually.",windowed_5
trial_lie_038,but I couldn't talk.,I'll just direct with this answer to the question that we've been asked.,windowed_5
trial_lie_038,I tried to push them off and we were too strong.,"All I could think about was my kids telling me, no, mom, you don't go.",windowed_5
trial_lie_038,I tried to push them off and we were too strong.,Don't go.,windowed_5
trial_lie_038,I tried to push them off and we were too strong.,"Okay, actually.",windowed_5
trial_lie_038,I tried to push them off and we were too strong.,I'll just direct with this answer to the question that we've been asked.,windowed_5
trial_lie_038,"All I could think about was my kids telling me, no, mom, you don't go.",Don't go.,windowed_5
trial_lie_038,"All I could think about was my kids telling me, no, mom, you don't go.","Okay, actually.",windowed_5
trial_lie_038,"All I could think about was my kids telling me, no, mom, you don't go.",I'll just direct with this answer to the question that we've been asked.,windowed_5
trial_lie_038,Don't go.,"Okay, actually.",windowed_5
trial_lie_038,Don't go.,I'll just direct with this answer to the question that we've been asked.,windowed_5
trial_lie_038,"Okay, actually.",I'll just direct with this answer to the question that we've been asked.,windowed_5
trial_lie_039,I didn't really know her too well.,I only saw her a couple of times.,windowed_5
trial_lie_039,I didn't really know her too well.,"You knew where she lived, didn't you?",windowed_5
trial_lie_039,I didn't really know her too well.,"Not really, no.",windowed_5
trial_lie_039,I didn't really know her too well.,I wasn't placing her face with her.,windowed_5
trial_lie_039,I didn't really know her too well.,But dress.,windowed_5
trial_lie_039,I only saw her a couple of times.,"You knew where she lived, didn't you?",windowed_5
trial_lie_039,I only saw her a couple of times.,"Not really, no.",windowed_5
trial_lie_039,I only saw her a couple of times.,I wasn't placing her face with her.,windowed_5
trial_lie_039,I only saw her a couple of times.,But dress.,windowed_5
trial_lie_039,I only saw her a couple of times.,"She lived right next door, separated by one wall.",windowed_5
trial_lie_039,"You knew where she lived, didn't you?","Not really, no.",windowed_5
trial_lie_039,"You knew where she lived, didn't you?",I wasn't placing her face with her.,windowed_5
trial_lie_039,"You knew where she lived, didn't you?",But dress.,windowed_5
trial_lie_039,"You knew where she lived, didn't you?","She lived right next door, separated by one wall.",windowed_5
trial_lie_039,"You knew where she lived, didn't you?",You didn't know it?,windowed_5
trial_lie_039,"Not really, no.",I wasn't placing her face with her.,windowed_5
trial_lie_039,"Not really, no.",But dress.,windowed_5
trial_lie_039,"Not really, no.","She lived right next door, separated by one wall.",windowed_5
trial_lie_039,"Not really, no.",You didn't know it?,windowed_5
trial_lie_039,"Not really, no.",I didn't talk to anybody.,windowed_5
trial_lie_039,I wasn't placing her face with her.,But dress.,windowed_5
trial_lie_039,I wasn't placing her face with her.,"She lived right next door, separated by one wall.",windowed_5
trial_lie_039,I wasn't placing her face with her.,You didn't know it?,windowed_5
trial_lie_039,I wasn't placing her face with her.,I didn't talk to anybody.,windowed_5
trial_lie_039,I wasn't placing her face with her.,I just lived.,windowed_5
trial_lie_039,But dress.,"She lived right next door, separated by one wall.",windowed_5
trial_lie_039,But dress.,You didn't know it?,windowed_5
trial_lie_039,But dress.,I didn't talk to anybody.,windowed_5
trial_lie_039,But dress.,I just lived.,windowed_5
trial_lie_039,But dress.,I would go to school and come.,windowed_5
trial_lie_039,"She lived right next door, separated by one wall.",You didn't know it?,windowed_5
trial_lie_039,"She lived right next door, separated by one wall.",I didn't talk to anybody.,windowed_5
trial_lie_039,"She lived right next door, separated by one wall.",I just lived.,windowed_5
trial_lie_039,"She lived right next door, separated by one wall.",I would go to school and come.,windowed_5
trial_lie_039,"She lived right next door, separated by one wall.","And you had another dancer that you danced with in that apartment complex, too, didn't you?",windowed_5
trial_lie_039,You didn't know it?,I didn't talk to anybody.,windowed_5
trial_lie_039,You didn't know it?,I just lived.,windowed_5
trial_lie_039,You didn't know it?,I would go to school and come.,windowed_5
trial_lie_039,You didn't know it?,"And you had another dancer that you danced with in that apartment complex, too, didn't you?",windowed_5
trial_lie_039,You didn't know it?,"Oh, no.",windowed_5
trial_lie_039,I didn't talk to anybody.,I just lived.,windowed_5
trial_lie_039,I didn't talk to anybody.,I would go to school and come.,windowed_5
trial_lie_039,I didn't talk to anybody.,"And you had another dancer that you danced with in that apartment complex, too, didn't you?",windowed_5
trial_lie_039,I didn't talk to anybody.,"Oh, no.",windowed_5
trial_lie_039,I didn't talk to anybody.,I was just going to be a little bit more careful.,windowed_5
trial_lie_039,I just lived.,I would go to school and come.,windowed_5
trial_lie_039,I just lived.,"And you had another dancer that you danced with in that apartment complex, too, didn't you?",windowed_5
trial_lie_039,I just lived.,"Oh, no.",windowed_5
trial_lie_039,I just lived.,I was just going to be a little bit more careful.,windowed_5
trial_lie_039,I would go to school and come.,"And you had another dancer that you danced with in that apartment complex, too, didn't you?",windowed_5
trial_lie_039,I would go to school and come.,"Oh, no.",windowed_5
trial_lie_039,I would go to school and come.,I was just going to be a little bit more careful.,windowed_5
trial_lie_039,"And you had another dancer that you danced with in that apartment complex, too, didn't you?","Oh, no.",windowed_5
trial_lie_039,"And you had another dancer that you danced with in that apartment complex, too, didn't you?",I was just going to be a little bit more careful.,windowed_5
trial_lie_039,"Oh, no.",I was just going to be a little bit more careful.,windowed_5
trial_lie_040,"Yes, he said he did.",He told me to take care of my wounds as necessary.,windowed_5
trial_lie_040,"Yes, he said he did.",Right.,windowed_5
trial_lie_040,"Yes, he said he did.",A scratch on the face.,windowed_5
trial_lie_040,"Yes, he said he did.",And that what he said in a minor little scrape.,windowed_5
trial_lie_040,"Yes, he said he did.","No, he said there were several wounds.",windowed_5
trial_lie_040,He told me to take care of my wounds as necessary.,Right.,windowed_5
trial_lie_040,He told me to take care of my wounds as necessary.,A scratch on the face.,windowed_5
trial_lie_040,He told me to take care of my wounds as necessary.,And that what he said in a minor little scrape.,windowed_5
trial_lie_040,He told me to take care of my wounds as necessary.,"No, he said there were several wounds.",windowed_5
trial_lie_040,He told me to take care of my wounds as necessary.,He advised me to take town on when I get to jail and ask them for something to put on my face.,windowed_5
trial_lie_040,Right.,A scratch on the face.,windowed_5
trial_lie_040,Right.,And that what he said in a minor little scrape.,windowed_5
trial_lie_040,Right.,"No, he said there were several wounds.",windowed_5
trial_lie_040,Right.,He advised me to take town on when I get to jail and ask them for something to put on my face.,windowed_5
trial_lie_040,A scratch on the face.,And that what he said in a minor little scrape.,windowed_5
trial_lie_040,A scratch on the face.,"No, he said there were several wounds.",windowed_5
trial_lie_040,A scratch on the face.,He advised me to take town on when I get to jail and ask them for something to put on my face.,windowed_5
trial_lie_040,And that what he said in a minor little scrape.,"No, he said there were several wounds.",windowed_5
trial_lie_040,And that what he said in a minor little scrape.,He advised me to take town on when I get to jail and ask them for something to put on my face.,windowed_5
trial_lie_040,"No, he said there were several wounds.",He advised me to take town on when I get to jail and ask them for something to put on my face.,windowed_5
trial_lie_041,We've withheld the evidence in this very important case that we want to try and get to the truth and to the bottom of it.,Do you have a legal right though to retain that material because it's not a criminal investigation?,windowed_5
trial_lie_041,We've withheld the evidence in this very important case that we want to try and get to the truth and to the bottom of it.,"Well, who says it's not a criminal investigation?",windowed_5
trial_lie_041,We've withheld the evidence in this very important case that we want to try and get to the truth and to the bottom of it.,"It's an investigation that was undetermined at this time, and we're just not prepared to make any assertions as to what the outcome is going to be until it's a full and thorough investigation.",windowed_5
trial_lie_041,We've withheld the evidence in this very important case that we want to try and get to the truth and to the bottom of it.,The man who took the video is Paul.,windowed_5
trial_lie_041,Do you have a legal right though to retain that material because it's not a criminal investigation?,"Well, who says it's not a criminal investigation?",windowed_5
trial_lie_041,Do you have a legal right though to retain that material because it's not a criminal investigation?,"It's an investigation that was undetermined at this time, and we're just not prepared to make any assertions as to what the outcome is going to be until it's a full and thorough investigation.",windowed_5
trial_lie_041,Do you have a legal right though to retain that material because it's not a criminal investigation?,The man who took the video is Paul.,windowed_5
trial_lie_041,"Well, who says it's not a criminal investigation?","It's an investigation that was undetermined at this time, and we're just not prepared to make any assertions as to what the outcome is going to be until it's a full and thorough investigation.",windowed_5
trial_lie_041,"Well, who says it's not a criminal investigation?",The man who took the video is Paul.,windowed_5
trial_lie_041,"It's an investigation that was undetermined at this time, and we're just not prepared to make any assertions as to what the outcome is going to be until it's a full and thorough investigation.",The man who took the video is Paul.,windowed_5
trial_lie_042,Dr. Robert Czakansky died.,They found the man in the secure area with his luggage cart and chairs set around him.,windowed_5
trial_lie_042,Dr. Robert Czakansky died.,"They tried to do the same thing, communicate with him, chairs went flying.",windowed_5
trial_lie_042,Dr. Robert Czakansky died.,He grabbed the computer off a desk and threw that.,windowed_5
trial_lie_042,Dr. Robert Czakansky died.,They just weren't getting through to this guy and the violence again escalating.,windowed_5
trial_lie_042,They found the man in the secure area with his luggage cart and chairs set around him.,"They tried to do the same thing, communicate with him, chairs went flying.",windowed_5
trial_lie_042,They found the man in the secure area with his luggage cart and chairs set around him.,He grabbed the computer off a desk and threw that.,windowed_5
trial_lie_042,They found the man in the secure area with his luggage cart and chairs set around him.,They just weren't getting through to this guy and the violence again escalating.,windowed_5
trial_lie_042,"They tried to do the same thing, communicate with him, chairs went flying.",He grabbed the computer off a desk and threw that.,windowed_5
trial_lie_042,"They tried to do the same thing, communicate with him, chairs went flying.",They just weren't getting through to this guy and the violence again escalating.,windowed_5
trial_lie_042,He grabbed the computer off a desk and threw that.,They just weren't getting through to this guy and the violence again escalating.,windowed_5
trial_lie_043,"It didn't have an instantaneous effect, and Mr. Rikansky still had the stapliner's hand, and he had not gone down.","The problem is, Jikansky did-",windowed_5
trial_lie_043,"It didn't have an instantaneous effect, and Mr. Rikansky still had the stapliner's hand, and he had not gone down.",Just because I was mistaken doesn't mean I was lying.,windowed_5
trial_lie_043,"It didn't have an instantaneous effect, and Mr. Rikansky still had the stapliner's hand, and he had not gone down.",I did the Veshaba cut at the time.,windowed_5
trial_lie_043,"It didn't have an instantaneous effect, and Mr. Rikansky still had the stapliner's hand, and he had not gone down.",But none of this-,windowed_5
trial_lie_043,"The problem is, Jikansky did-",Just because I was mistaken doesn't mean I was lying.,windowed_5
trial_lie_043,"The problem is, Jikansky did-",I did the Veshaba cut at the time.,windowed_5
trial_lie_043,"The problem is, Jikansky did-",But none of this-,windowed_5
trial_lie_043,Just because I was mistaken doesn't mean I was lying.,I did the Veshaba cut at the time.,windowed_5
trial_lie_043,Just because I was mistaken doesn't mean I was lying.,But none of this-,windowed_5
trial_lie_043,I did the Veshaba cut at the time.,But none of this-,windowed_5
trial_lie_044,looking for.,None of us were out there dealing with three people who were just involved in a shooting of another three individuals out on the street corner.,windowed_5
trial_lie_045,We do not know about how quote responsible CHL holders are because that data set is not available and is completely locked down.,Any statements about how quote responsible and law-abiding CHL are is completely anecdotal and therefore conjecture.,windowed_5
trial_lie_046,"The first time I remember Mr. Miller, he was having kind of an argument with the officers that were moving the people out of the area towards the street so that they could block the sidewalk.",And he was being very aggressive with the officers.,windowed_5
trial_lie_046,"The first time I remember Mr. Miller, he was having kind of an argument with the officers that were moving the people out of the area towards the street so that they could block the sidewalk.",We didn't understand why.,windowed_5
trial_lie_046,"The first time I remember Mr. Miller, he was having kind of an argument with the officers that were moving the people out of the area towards the street so that they could block the sidewalk.",We just needed everybody to follow orders.,windowed_5
trial_lie_046,"The first time I remember Mr. Miller, he was having kind of an argument with the officers that were moving the people out of the area towards the street so that they could block the sidewalk.",We just wanted everybody safety.,windowed_5
trial_lie_046,"The first time I remember Mr. Miller, he was having kind of an argument with the officers that were moving the people out of the area towards the street so that they could block the sidewalk.","I mean, we just had to give the orders to step down to the street.",windowed_5
trial_lie_046,And he was being very aggressive with the officers.,We didn't understand why.,windowed_5
trial_lie_046,And he was being very aggressive with the officers.,We just needed everybody to follow orders.,windowed_5
trial_lie_046,And he was being very aggressive with the officers.,We just wanted everybody safety.,windowed_5
trial_lie_046,And he was being very aggressive with the officers.,"I mean, we just had to give the orders to step down to the street.",windowed_5
trial_lie_046,We didn't understand why.,We just needed everybody to follow orders.,windowed_5
trial_lie_046,We didn't understand why.,We just wanted everybody safety.,windowed_5
trial_lie_046,We didn't understand why.,"I mean, we just had to give the orders to step down to the street.",windowed_5
trial_lie_046,We just needed everybody to follow orders.,We just wanted everybody safety.,windowed_5
trial_lie_046,We just needed everybody to follow orders.,"I mean, we just had to give the orders to step down to the street.",windowed_5
trial_lie_046,We just wanted everybody safety.,"I mean, we just had to give the orders to step down to the street.",windowed_5
trial_lie_047,Did he identify himself to you as a member of the media?,"No, not at any time.",windowed_5
trial_lie_047,Did he identify himself to you as a member of the media?,Did he have any conversations with you?,windowed_5
trial_lie_047,Did he identify himself to you as a member of the media?,"He called me some names, but that wasn't really a conversation.",windowed_5
trial_lie_047,Did he identify himself to you as a member of the media?,It wasn't a two-part conversation.,windowed_5
trial_lie_047,"No, not at any time.",Did he have any conversations with you?,windowed_5
trial_lie_047,"No, not at any time.","He called me some names, but that wasn't really a conversation.",windowed_5
trial_lie_047,"No, not at any time.",It wasn't a two-part conversation.,windowed_5
trial_lie_047,Did he have any conversations with you?,"He called me some names, but that wasn't really a conversation.",windowed_5
trial_lie_047,Did he have any conversations with you?,It wasn't a two-part conversation.,windowed_5
trial_lie_047,"He called me some names, but that wasn't really a conversation.",It wasn't a two-part conversation.,windowed_5
trial_lie_048,"Well, he used to get four several times.","Okay, names.",windowed_5
trial_lie_048,"Well, he used to get four several times.",He called you names.,windowed_5
trial_lie_048,"Well, he used to get four several times.","Oh, okay.",windowed_5
trial_lie_048,"Well, he used to get four several times.","Well, okay.",windowed_5
trial_lie_048,"Well, he used to get four several times.",I'm sorry.,windowed_5
trial_lie_048,"Okay, names.",He called you names.,windowed_5
trial_lie_048,"Okay, names.","Oh, okay.",windowed_5
trial_lie_048,"Okay, names.","Well, okay.",windowed_5
trial_lie_048,"Okay, names.",I'm sorry.,windowed_5
trial_lie_048,"Okay, names.",And then we'd be afraid of that.,windowed_5
trial_lie_048,He called you names.,"Oh, okay.",windowed_5
trial_lie_048,He called you names.,"Well, okay.",windowed_5
trial_lie_048,He called you names.,I'm sorry.,windowed_5
trial_lie_048,He called you names.,And then we'd be afraid of that.,windowed_5
trial_lie_048,He called you names.,He may mention of the F-4 towards with several times.,windowed_5
trial_lie_048,"Oh, okay.","Well, okay.",windowed_5
trial_lie_048,"Oh, okay.",I'm sorry.,windowed_5
trial_lie_048,"Oh, okay.",And then we'd be afraid of that.,windowed_5
trial_lie_048,"Oh, okay.",He may mention of the F-4 towards with several times.,windowed_5
trial_lie_048,"Oh, okay.","Specifically, you can say it's important with you.",windowed_5
trial_lie_048,"Well, okay.",I'm sorry.,windowed_5
trial_lie_048,"Well, okay.",And then we'd be afraid of that.,windowed_5
trial_lie_048,"Well, okay.",He may mention of the F-4 towards with several times.,windowed_5
trial_lie_048,"Well, okay.","Specifically, you can say it's important with you.",windowed_5
trial_lie_048,"Well, okay.",You can do it.,windowed_5
trial_lie_048,I'm sorry.,And then we'd be afraid of that.,windowed_5
trial_lie_048,I'm sorry.,He may mention of the F-4 towards with several times.,windowed_5
trial_lie_048,I'm sorry.,"Specifically, you can say it's important with you.",windowed_5
trial_lie_048,I'm sorry.,You can do it.,windowed_5
trial_lie_048,I'm sorry.,You'll throw a gunshot at the bedroom with the shots and the comfortable sand with a swordwork.,windowed_5
trial_lie_048,And then we'd be afraid of that.,He may mention of the F-4 towards with several times.,windowed_5
trial_lie_048,And then we'd be afraid of that.,"Specifically, you can say it's important with you.",windowed_5
trial_lie_048,And then we'd be afraid of that.,You can do it.,windowed_5
trial_lie_048,And then we'd be afraid of that.,You'll throw a gunshot at the bedroom with the shots and the comfortable sand with a swordwork.,windowed_5
trial_lie_048,And then we'd be afraid of that.,I don't know if it's not necessary or relevant to embarrass her.,windowed_5
trial_lie_048,He may mention of the F-4 towards with several times.,"Specifically, you can say it's important with you.",windowed_5
trial_lie_048,He may mention of the F-4 towards with several times.,You can do it.,windowed_5
trial_lie_048,He may mention of the F-4 towards with several times.,You'll throw a gunshot at the bedroom with the shots and the comfortable sand with a swordwork.,windowed_5
trial_lie_048,He may mention of the F-4 towards with several times.,I don't know if it's not necessary or relevant to embarrass her.,windowed_5
trial_lie_048,He may mention of the F-4 towards with several times.,She's the witness of the Mr. Nomers called her names.,windowed_5
trial_lie_048,"Specifically, you can say it's important with you.",You can do it.,windowed_5
trial_lie_048,"Specifically, you can say it's important with you.",You'll throw a gunshot at the bedroom with the shots and the comfortable sand with a swordwork.,windowed_5
trial_lie_048,"Specifically, you can say it's important with you.",I don't know if it's not necessary or relevant to embarrass her.,windowed_5
trial_lie_048,"Specifically, you can say it's important with you.",She's the witness of the Mr. Nomers called her names.,windowed_5
trial_lie_048,"Specifically, you can say it's important with you.",So I want to know specifically what names he called her.,windowed_5
trial_lie_048,You can do it.,You'll throw a gunshot at the bedroom with the shots and the comfortable sand with a swordwork.,windowed_5
trial_lie_048,You can do it.,I don't know if it's not necessary or relevant to embarrass her.,windowed_5
trial_lie_048,You can do it.,She's the witness of the Mr. Nomers called her names.,windowed_5
trial_lie_048,You can do it.,So I want to know specifically what names he called her.,windowed_5
trial_lie_048,You can do it.,She said he used the F-4 itself.,windowed_5
trial_lie_048,You'll throw a gunshot at the bedroom with the shots and the comfortable sand with a swordwork.,I don't know if it's not necessary or relevant to embarrass her.,windowed_5
trial_lie_048,You'll throw a gunshot at the bedroom with the shots and the comfortable sand with a swordwork.,She's the witness of the Mr. Nomers called her names.,windowed_5
trial_lie_048,You'll throw a gunshot at the bedroom with the shots and the comfortable sand with a swordwork.,So I want to know specifically what names he called her.,windowed_5
trial_lie_048,You'll throw a gunshot at the bedroom with the shots and the comfortable sand with a swordwork.,She said he used the F-4 itself.,windowed_5
trial_lie_048,You'll throw a gunshot at the bedroom with the shots and the comfortable sand with a swordwork.,"Specifically, names that were called her are what are known.",windowed_5
trial_lie_048,I don't know if it's not necessary or relevant to embarrass her.,She's the witness of the Mr. Nomers called her names.,windowed_5
trial_lie_048,I don't know if it's not necessary or relevant to embarrass her.,So I want to know specifically what names he called her.,windowed_5
trial_lie_048,I don't know if it's not necessary or relevant to embarrass her.,She said he used the F-4 itself.,windowed_5
trial_lie_048,I don't know if it's not necessary or relevant to embarrass her.,"Specifically, names that were called her are what are known.",windowed_5
trial_lie_048,I don't know if it's not necessary or relevant to embarrass her.,"Sure, the jurors know the F-4 names.",windowed_5
trial_lie_048,She's the witness of the Mr. Nomers called her names.,So I want to know specifically what names he called her.,windowed_5
trial_lie_048,She's the witness of the Mr. Nomers called her names.,She said he used the F-4 itself.,windowed_5
trial_lie_048,She's the witness of the Mr. Nomers called her names.,"Specifically, names that were called her are what are known.",windowed_5
trial_lie_048,She's the witness of the Mr. Nomers called her names.,"Sure, the jurors know the F-4 names.",windowed_5
trial_lie_048,She's the witness of the Mr. Nomers called her names.,Thank you.,windowed_5
trial_lie_048,So I want to know specifically what names he called her.,She said he used the F-4 itself.,windowed_5
trial_lie_048,So I want to know specifically what names he called her.,"Specifically, names that were called her are what are known.",windowed_5
trial_lie_048,So I want to know specifically what names he called her.,"Sure, the jurors know the F-4 names.",windowed_5
trial_lie_048,So I want to know specifically what names he called her.,Thank you.,windowed_5
trial_lie_048,So I want to know specifically what names he called her.,If you don't want it.,windowed_5
trial_lie_048,She said he used the F-4 itself.,"Specifically, names that were called her are what are known.",windowed_5
trial_lie_048,She said he used the F-4 itself.,"Sure, the jurors know the F-4 names.",windowed_5
trial_lie_048,She said he used the F-4 itself.,Thank you.,windowed_5
trial_lie_048,She said he used the F-4 itself.,If you don't want it.,windowed_5
trial_lie_048,She said he used the F-4 itself.,This is not coming from you.,windowed_5
trial_lie_048,"Specifically, names that were called her are what are known.","Sure, the jurors know the F-4 names.",windowed_5
trial_lie_048,"Specifically, names that were called her are what are known.",Thank you.,windowed_5
trial_lie_048,"Specifically, names that were called her are what are known.",If you don't want it.,windowed_5
trial_lie_048,"Specifically, names that were called her are what are known.",This is not coming from you.,windowed_5
trial_lie_048,"Specifically, names that were called her are what are known.",This is coming from someone.,windowed_5
trial_lie_048,"Sure, the jurors know the F-4 names.",Thank you.,windowed_5
trial_lie_048,"Sure, the jurors know the F-4 names.",If you don't want it.,windowed_5
trial_lie_048,"Sure, the jurors know the F-4 names.",This is not coming from you.,windowed_5
trial_lie_048,"Sure, the jurors know the F-4 names.",This is coming from someone.,windowed_5
trial_lie_048,Thank you.,If you don't want it.,windowed_5
trial_lie_048,Thank you.,This is not coming from you.,windowed_5
trial_lie_048,Thank you.,This is coming from someone.,windowed_5
trial_lie_048,If you don't want it.,This is not coming from you.,windowed_5
trial_lie_048,If you don't want it.,This is coming from someone.,windowed_5
trial_lie_048,This is not coming from you.,This is coming from someone.,windowed_5
trial_lie_049,He's used the effort.,"Well, he's more than you in front of him, so I would have a someone that you would be.",windowed_5
trial_lie_049,He's used the effort.,"If I said you, you would say you would say you would say you.",windowed_5
trial_lie_049,He's used the effort.,"He said that you really, that's how you want to steer the direction.",windowed_5
trial_lie_049,He's used the effort.,He also testifying him as characterizing the order of this stuff to mine.,windowed_5
trial_lie_049,He's used the effort.,"Well, he said that this is closer to examination.",windowed_5
trial_lie_049,"Well, he's more than you in front of him, so I would have a someone that you would be.","If I said you, you would say you would say you would say you.",windowed_5
trial_lie_049,"Well, he's more than you in front of him, so I would have a someone that you would be.","He said that you really, that's how you want to steer the direction.",windowed_5
trial_lie_049,"Well, he's more than you in front of him, so I would have a someone that you would be.",He also testifying him as characterizing the order of this stuff to mine.,windowed_5
trial_lie_049,"Well, he's more than you in front of him, so I would have a someone that you would be.","Well, he said that this is closer to examination.",windowed_5
trial_lie_049,"If I said you, you would say you would say you would say you.","He said that you really, that's how you want to steer the direction.",windowed_5
trial_lie_049,"If I said you, you would say you would say you would say you.",He also testifying him as characterizing the order of this stuff to mine.,windowed_5
trial_lie_049,"If I said you, you would say you would say you would say you.","Well, he said that this is closer to examination.",windowed_5
trial_lie_049,"He said that you really, that's how you want to steer the direction.",He also testifying him as characterizing the order of this stuff to mine.,windowed_5
trial_lie_049,"He said that you really, that's how you want to steer the direction.","Well, he said that this is closer to examination.",windowed_5
trial_lie_049,He also testifying him as characterizing the order of this stuff to mine.,"Well, he said that this is closer to examination.",windowed_5
trial_lie_050,How did he hit you?,Who said?,windowed_5
trial_lie_050,How did he hit you?,"Okay, and where was he hitting on your body?",windowed_5
trial_lie_050,How did he hit you?,I was a police officer.,windowed_5
trial_lie_050,How did he hit you?,Then he just kept hitting those things on it.,windowed_5
trial_lie_050,How did he hit you?,I guess we had no time.,windowed_5
trial_lie_050,Who said?,"Okay, and where was he hitting on your body?",windowed_5
trial_lie_050,Who said?,I was a police officer.,windowed_5
trial_lie_050,Who said?,Then he just kept hitting those things on it.,windowed_5
trial_lie_050,Who said?,I guess we had no time.,windowed_5
trial_lie_050,Who said?,I was like to believe it happened.,windowed_5
trial_lie_050,"Okay, and where was he hitting on your body?",I was a police officer.,windowed_5
trial_lie_050,"Okay, and where was he hitting on your body?",Then he just kept hitting those things on it.,windowed_5
trial_lie_050,"Okay, and where was he hitting on your body?",I guess we had no time.,windowed_5
trial_lie_050,"Okay, and where was he hitting on your body?",I was like to believe it happened.,windowed_5
trial_lie_050,"Okay, and where was he hitting on your body?",So you never unit how many bloodied...,windowed_5
trial_lie_050,I was a police officer.,Then he just kept hitting those things on it.,windowed_5
trial_lie_050,I was a police officer.,I guess we had no time.,windowed_5
trial_lie_050,I was a police officer.,I was like to believe it happened.,windowed_5
trial_lie_050,I was a police officer.,So you never unit how many bloodied...,windowed_5
trial_lie_050,I was a police officer.,"Oh, no, I don't know.",windowed_5
trial_lie_050,Then he just kept hitting those things on it.,I guess we had no time.,windowed_5
trial_lie_050,Then he just kept hitting those things on it.,I was like to believe it happened.,windowed_5
trial_lie_050,Then he just kept hitting those things on it.,So you never unit how many bloodied...,windowed_5
trial_lie_050,Then he just kept hitting those things on it.,"Oh, no, I don't know.",windowed_5
trial_lie_050,Then he just kept hitting those things on it.,I live in the doctor's.,windowed_5
trial_lie_050,I guess we had no time.,I was like to believe it happened.,windowed_5
trial_lie_050,I guess we had no time.,So you never unit how many bloodied...,windowed_5
trial_lie_050,I guess we had no time.,"Oh, no, I don't know.",windowed_5
trial_lie_050,I guess we had no time.,I live in the doctor's.,windowed_5
trial_lie_050,I guess we had no time.,And how long after?,windowed_5
trial_lie_050,I was like to believe it happened.,So you never unit how many bloodied...,windowed_5
trial_lie_050,I was like to believe it happened.,"Oh, no, I don't know.",windowed_5
trial_lie_050,I was like to believe it happened.,I live in the doctor's.,windowed_5
trial_lie_050,I was like to believe it happened.,And how long after?,windowed_5
trial_lie_050,I was like to believe it happened.,It was four days after.,windowed_5
trial_lie_050,So you never unit how many bloodied...,"Oh, no, I don't know.",windowed_5
trial_lie_050,So you never unit how many bloodied...,I live in the doctor's.,windowed_5
trial_lie_050,So you never unit how many bloodied...,And how long after?,windowed_5
trial_lie_050,So you never unit how many bloodied...,It was four days after.,windowed_5
trial_lie_050,So you never unit how many bloodied...,"Okay, so that is...",windowed_5
trial_lie_050,"Oh, no, I don't know.",I live in the doctor's.,windowed_5
trial_lie_050,"Oh, no, I don't know.",And how long after?,windowed_5
trial_lie_050,"Oh, no, I don't know.",It was four days after.,windowed_5
trial_lie_050,"Oh, no, I don't know.","Okay, so that is...",windowed_5
trial_lie_050,"Oh, no, I don't know.",He found a defector.,windowed_5
trial_lie_050,I live in the doctor's.,And how long after?,windowed_5
trial_lie_050,I live in the doctor's.,It was four days after.,windowed_5
trial_lie_050,I live in the doctor's.,"Okay, so that is...",windowed_5
trial_lie_050,I live in the doctor's.,He found a defector.,windowed_5
trial_lie_050,And how long after?,It was four days after.,windowed_5
trial_lie_050,And how long after?,"Okay, so that is...",windowed_5
trial_lie_050,And how long after?,He found a defector.,windowed_5
trial_lie_050,It was four days after.,"Okay, so that is...",windowed_5
trial_lie_050,It was four days after.,He found a defector.,windowed_5
trial_lie_050,"Okay, so that is...",He found a defector.,windowed_5
trial_lie_051,different story.,Why would she take that number and he took over the head?,windowed_5
trial_lie_051,different story.,The third gun's,windowed_5
trial_lie_051,Why would she take that number and he took over the head?,The third gun's,windowed_5
trial_lie_052,"No, no.",I just thought.,windowed_5
trial_lie_052,"No, no.",And I absolutely nothing to do with her disappearance.,windowed_5
trial_lie_052,"No, no.","January 28, 2003.",windowed_5
trial_lie_052,"No, no.",It's been over a month since Lacey disappeared.,windowed_5
trial_lie_052,"No, no.",Now Scott sits with Diane Sawyer on Good Morning America and police are watching for what he says and how he says it.,windowed_5
trial_lie_052,I just thought.,And I absolutely nothing to do with her disappearance.,windowed_5
trial_lie_052,I just thought.,"January 28, 2003.",windowed_5
trial_lie_052,I just thought.,It's been over a month since Lacey disappeared.,windowed_5
trial_lie_052,I just thought.,Now Scott sits with Diane Sawyer on Good Morning America and police are watching for what he says and how he says it.,windowed_5
trial_lie_052,I just thought.,Amber Frye came forward.,windowed_5
trial_lie_052,And I absolutely nothing to do with her disappearance.,"January 28, 2003.",windowed_5
trial_lie_052,And I absolutely nothing to do with her disappearance.,It's been over a month since Lacey disappeared.,windowed_5
trial_lie_052,And I absolutely nothing to do with her disappearance.,Now Scott sits with Diane Sawyer on Good Morning America and police are watching for what he says and how he says it.,windowed_5
trial_lie_052,And I absolutely nothing to do with her disappearance.,Amber Frye came forward.,windowed_5
trial_lie_052,And I absolutely nothing to do with her disappearance.,I'm glad she did.,windowed_5
trial_lie_052,"January 28, 2003.",It's been over a month since Lacey disappeared.,windowed_5
trial_lie_052,"January 28, 2003.",Now Scott sits with Diane Sawyer on Good Morning America and police are watching for what he says and how he says it.,windowed_5
trial_lie_052,"January 28, 2003.",Amber Frye came forward.,windowed_5
trial_lie_052,"January 28, 2003.",I'm glad she did.,windowed_5
trial_lie_052,"January 28, 2003.",Did you tell her that you were not married?,windowed_5
trial_lie_052,It's been over a month since Lacey disappeared.,Now Scott sits with Diane Sawyer on Good Morning America and police are watching for what he says and how he says it.,windowed_5
trial_lie_052,It's been over a month since Lacey disappeared.,Amber Frye came forward.,windowed_5
trial_lie_052,It's been over a month since Lacey disappeared.,I'm glad she did.,windowed_5
trial_lie_052,It's been over a month since Lacey disappeared.,Did you tell her that you were not married?,windowed_5
trial_lie_052,It's been over a month since Lacey disappeared.,I did.,windowed_5
trial_lie_052,Now Scott sits with Diane Sawyer on Good Morning America and police are watching for what he says and how he says it.,Amber Frye came forward.,windowed_5
trial_lie_052,Now Scott sits with Diane Sawyer on Good Morning America and police are watching for what he says and how he says it.,I'm glad she did.,windowed_5
trial_lie_052,Now Scott sits with Diane Sawyer on Good Morning America and police are watching for what he says and how he says it.,Did you tell her that you were not married?,windowed_5
trial_lie_052,Now Scott sits with Diane Sawyer on Good Morning America and police are watching for what he says and how he says it.,I did.,windowed_5
trial_lie_052,Now Scott sits with Diane Sawyer on Good Morning America and police are watching for what he says and how he says it.,I did.,windowed_5
trial_lie_052,Amber Frye came forward.,I'm glad she did.,windowed_5
trial_lie_052,Amber Frye came forward.,Did you tell her that you were not married?,windowed_5
trial_lie_052,Amber Frye came forward.,I did.,windowed_5
trial_lie_052,Amber Frye came forward.,I did.,windowed_5
trial_lie_052,Amber Frye came forward.,"And then when Lacey disappeared, I called her in middly.",windowed_5
trial_lie_052,I'm glad she did.,Did you tell her that you were not married?,windowed_5
trial_lie_052,I'm glad she did.,I did.,windowed_5
trial_lie_052,I'm glad she did.,I did.,windowed_5
trial_lie_052,I'm glad she did.,"And then when Lacey disappeared, I called her in middly.",windowed_5
trial_lie_052,I'm glad she did.,It wasn't immediately.,windowed_5
trial_lie_052,Did you tell her that you were not married?,I did.,windowed_5
trial_lie_052,Did you tell her that you were not married?,I did.,windowed_5
trial_lie_052,Did you tell her that you were not married?,"And then when Lacey disappeared, I called her in middly.",windowed_5
trial_lie_052,Did you tell her that you were not married?,It wasn't immediately.,windowed_5
trial_lie_052,Did you tell her that you were not married?,It was a couple days after Lacey's disappearance.,windowed_5
trial_lie_052,I did.,I did.,windowed_5
trial_lie_052,I did.,"And then when Lacey disappeared, I called her in middly.",windowed_5
trial_lie_052,I did.,It wasn't immediately.,windowed_5
trial_lie_052,I did.,It was a couple days after Lacey's disappearance.,windowed_5
trial_lie_052,I did.,That telephone her and told her the truth.,windowed_5
trial_lie_052,I did.,"And then when Lacey disappeared, I called her in middly.",windowed_5
trial_lie_052,I did.,It wasn't immediately.,windowed_5
trial_lie_052,I did.,It was a couple days after Lacey's disappearance.,windowed_5
trial_lie_052,I did.,That telephone her and told her the truth.,windowed_5
trial_lie_052,I did.,A truth?,windowed_5
trial_lie_052,"And then when Lacey disappeared, I called her in middly.",It wasn't immediately.,windowed_5
trial_lie_052,"And then when Lacey disappeared, I called her in middly.",It was a couple days after Lacey's disappearance.,windowed_5
trial_lie_052,"And then when Lacey disappeared, I called her in middly.",That telephone her and told her the truth.,windowed_5
trial_lie_052,"And then when Lacey disappeared, I called her in middly.",A truth?,windowed_5
trial_lie_052,"And then when Lacey disappeared, I called her in middly.",That I was married that Lacey disappeared.,windowed_5
trial_lie_052,It wasn't immediately.,It was a couple days after Lacey's disappearance.,windowed_5
trial_lie_052,It wasn't immediately.,That telephone her and told her the truth.,windowed_5
trial_lie_052,It wasn't immediately.,A truth?,windowed_5
trial_lie_052,It wasn't immediately.,That I was married that Lacey disappeared.,windowed_5
trial_lie_052,It wasn't immediately.,She didn't know about it at that point.,windowed_5
trial_lie_052,It was a couple days after Lacey's disappearance.,That telephone her and told her the truth.,windowed_5
trial_lie_052,It was a couple days after Lacey's disappearance.,A truth?,windowed_5
trial_lie_052,It was a couple days after Lacey's disappearance.,That I was married that Lacey disappeared.,windowed_5
trial_lie_052,It was a couple days after Lacey's disappearance.,She didn't know about it at that point.,windowed_5
trial_lie_052,It was a couple days after Lacey's disappearance.,But Amber told investigation.,windowed_5
trial_lie_052,That telephone her and told her the truth.,A truth?,windowed_5
trial_lie_052,That telephone her and told her the truth.,That I was married that Lacey disappeared.,windowed_5
trial_lie_052,That telephone her and told her the truth.,She didn't know about it at that point.,windowed_5
trial_lie_052,That telephone her and told her the truth.,But Amber told investigation.,windowed_5
trial_lie_052,A truth?,That I was married that Lacey disappeared.,windowed_5
trial_lie_052,A truth?,She didn't know about it at that point.,windowed_5
trial_lie_052,A truth?,But Amber told investigation.,windowed_5
trial_lie_052,That I was married that Lacey disappeared.,She didn't know about it at that point.,windowed_5
trial_lie_052,That I was married that Lacey disappeared.,But Amber told investigation.,windowed_5
trial_lie_052,She didn't know about it at that point.,But Amber told investigation.,windowed_5
trial_lie_053,"Neither barrel or a stick, but they're like, we're going to kill you.","John says he grabbed a nine millimeter from his glove box, fired four shots and then walked outside his car firing another four bullets as the SUV tried to back away.",windowed_5
trial_lie_053,"Neither barrel or a stick, but they're like, we're going to kill you.",High school senior Jordan Davis just 17 and in the back seat was killed.,windowed_5
trial_lie_053,"Neither barrel or a stick, but they're like, we're going to kill you.",His three teenage friend survived.,windowed_5
trial_lie_053,"Neither barrel or a stick, but they're like, we're going to kill you.","Um, that lost to justify what I did.",windowed_5
trial_lie_053,"Neither barrel or a stick, but they're like, we're going to kill you.",I'm the second volley other than saying I thought they were shooting going to be shooting back.,windowed_5
trial_lie_053,"John says he grabbed a nine millimeter from his glove box, fired four shots and then walked outside his car firing another four bullets as the SUV tried to back away.",High school senior Jordan Davis just 17 and in the back seat was killed.,windowed_5
trial_lie_053,"John says he grabbed a nine millimeter from his glove box, fired four shots and then walked outside his car firing another four bullets as the SUV tried to back away.",His three teenage friend survived.,windowed_5
trial_lie_053,"John says he grabbed a nine millimeter from his glove box, fired four shots and then walked outside his car firing another four bullets as the SUV tried to back away.","Um, that lost to justify what I did.",windowed_5
trial_lie_053,"John says he grabbed a nine millimeter from his glove box, fired four shots and then walked outside his car firing another four bullets as the SUV tried to back away.",I'm the second volley other than saying I thought they were shooting going to be shooting back.,windowed_5
trial_lie_053,High school senior Jordan Davis just 17 and in the back seat was killed.,His three teenage friend survived.,windowed_5
trial_lie_053,High school senior Jordan Davis just 17 and in the back seat was killed.,"Um, that lost to justify what I did.",windowed_5
trial_lie_053,High school senior Jordan Davis just 17 and in the back seat was killed.,I'm the second volley other than saying I thought they were shooting going to be shooting back.,windowed_5
trial_lie_053,His three teenage friend survived.,"Um, that lost to justify what I did.",windowed_5
trial_lie_053,His three teenage friend survived.,I'm the second volley other than saying I thought they were shooting going to be shooting back.,windowed_5
trial_lie_053,"Um, that lost to justify what I did.",I'm the second volley other than saying I thought they were shooting going to be shooting back.,windowed_5
trial_lie_054,Do I believe the evidence that supports domestic violence?,"I think bias is an incorrect word, Mr. Martinez.",windowed_5
trial_lie_054,Do I believe the evidence that supports domestic violence?,"No, that is the correct word.",windowed_5
trial_lie_054,Do I believe the evidence that supports domestic violence?,Isn't it true that you are biased in favor of the defendant?,windowed_5
trial_lie_054,Do I believe the evidence that supports domestic violence?,Yes or no?,windowed_5
trial_lie_054,Do I believe the evidence that supports domestic violence?,I don't believe I'm biased.,windowed_5
trial_lie_054,"I think bias is an incorrect word, Mr. Martinez.","No, that is the correct word.",windowed_5
trial_lie_054,"I think bias is an incorrect word, Mr. Martinez.",Isn't it true that you are biased in favor of the defendant?,windowed_5
trial_lie_054,"I think bias is an incorrect word, Mr. Martinez.",Yes or no?,windowed_5
trial_lie_054,"I think bias is an incorrect word, Mr. Martinez.",I don't believe I'm biased.,windowed_5
trial_lie_054,"No, that is the correct word.",Isn't it true that you are biased in favor of the defendant?,windowed_5
trial_lie_054,"No, that is the correct word.",Yes or no?,windowed_5
trial_lie_054,"No, that is the correct word.",I don't believe I'm biased.,windowed_5
trial_lie_054,Isn't it true that you are biased in favor of the defendant?,Yes or no?,windowed_5
trial_lie_054,Isn't it true that you are biased in favor of the defendant?,I don't believe I'm biased.,windowed_5
trial_lie_054,Yes or no?,I don't believe I'm biased.,windowed_5
trial_lie_055,And there was a lot of talk about me being seduced by Jody.,"And frankly, Jody is not that seductive as a person.",windowed_5
trial_lie_055,And there was a lot of talk about me being seduced by Jody.,She's pretty straightforward.,windowed_5
trial_lie_055,And there was a lot of talk about me being seduced by Jody.,And what Jody did was terrible.,windowed_5
trial_lie_055,And there was a lot of talk about me being seduced by Jody.,But Jody isn't terrible.,windowed_5
trial_lie_055,And there was a lot of talk about me being seduced by Jody.,"And I think the media, you had Nancy Grace, you had Janvellis Mitchell, and you had Dr. Drew, who's very insidious because he sounds sane.",windowed_5
trial_lie_055,"And frankly, Jody is not that seductive as a person.",She's pretty straightforward.,windowed_5
trial_lie_055,"And frankly, Jody is not that seductive as a person.",And what Jody did was terrible.,windowed_5
trial_lie_055,"And frankly, Jody is not that seductive as a person.",But Jody isn't terrible.,windowed_5
trial_lie_055,"And frankly, Jody is not that seductive as a person.","And I think the media, you had Nancy Grace, you had Janvellis Mitchell, and you had Dr. Drew, who's very insidious because he sounds sane.",windowed_5
trial_lie_055,"And frankly, Jody is not that seductive as a person.",And the three...,windowed_5
trial_lie_055,She's pretty straightforward.,And what Jody did was terrible.,windowed_5
trial_lie_055,She's pretty straightforward.,But Jody isn't terrible.,windowed_5
trial_lie_055,She's pretty straightforward.,"And I think the media, you had Nancy Grace, you had Janvellis Mitchell, and you had Dr. Drew, who's very insidious because he sounds sane.",windowed_5
trial_lie_055,She's pretty straightforward.,And the three...,windowed_5
trial_lie_055,And what Jody did was terrible.,But Jody isn't terrible.,windowed_5
trial_lie_055,And what Jody did was terrible.,"And I think the media, you had Nancy Grace, you had Janvellis Mitchell, and you had Dr. Drew, who's very insidious because he sounds sane.",windowed_5
trial_lie_055,And what Jody did was terrible.,And the three...,windowed_5
trial_lie_055,But Jody isn't terrible.,"And I think the media, you had Nancy Grace, you had Janvellis Mitchell, and you had Dr. Drew, who's very insidious because he sounds sane.",windowed_5
trial_lie_055,But Jody isn't terrible.,And the three...,windowed_5
trial_lie_055,"And I think the media, you had Nancy Grace, you had Janvellis Mitchell, and you had Dr. Drew, who's very insidious because he sounds sane.",And the three...,windowed_5
trial_lie_056_cc26e06e_cc26e06e,relationship.,"Yes, I believe she was in an abusive relationship.",windowed_5
trial_lie_056_cc26e06e_cc26e06e,relationship.,And do you believe in your expert opinion that Jody was a battered woman or is a battered woman?,windowed_5
trial_lie_056_cc26e06e_cc26e06e,relationship.,"Yes, I do.",windowed_5
trial_lie_056_cc26e06e_cc26e06e,relationship.,I want to ask you why?,windowed_5
trial_lie_056_cc26e06e_cc26e06e,relationship.,Why do you say that Jody's a battered woman?,windowed_5
trial_lie_056_cc26e06e_cc26e06e,"Yes, I believe she was in an abusive relationship.",And do you believe in your expert opinion that Jody was a battered woman or is a battered woman?,windowed_5
trial_lie_056_cc26e06e_cc26e06e,"Yes, I believe she was in an abusive relationship.","Yes, I do.",windowed_5
trial_lie_056_cc26e06e_cc26e06e,"Yes, I believe she was in an abusive relationship.",I want to ask you why?,windowed_5
trial_lie_056_cc26e06e_cc26e06e,"Yes, I believe she was in an abusive relationship.",Why do you say that Jody's a battered woman?,windowed_5
trial_lie_056_cc26e06e_cc26e06e,"Yes, I believe she was in an abusive relationship.","Certainly putting down friends and family There's some destruction of property, but it seems minimal at this point A change in the victims person",windowed_5
trial_lie_056_cc26e06e_cc26e06e,And do you believe in your expert opinion that Jody was a battered woman or is a battered woman?,"Yes, I do.",windowed_5
trial_lie_056_cc26e06e_cc26e06e,And do you believe in your expert opinion that Jody was a battered woman or is a battered woman?,I want to ask you why?,windowed_5
trial_lie_056_cc26e06e_cc26e06e,And do you believe in your expert opinion that Jody was a battered woman or is a battered woman?,Why do you say that Jody's a battered woman?,windowed_5
trial_lie_056_cc26e06e_cc26e06e,And do you believe in your expert opinion that Jody was a battered woman or is a battered woman?,"Certainly putting down friends and family There's some destruction of property, but it seems minimal at this point A change in the victims person",windowed_5
trial_lie_056_cc26e06e_cc26e06e,"Yes, I do.",I want to ask you why?,windowed_5
trial_lie_056_cc26e06e_cc26e06e,"Yes, I do.",Why do you say that Jody's a battered woman?,windowed_5
trial_lie_056_cc26e06e_cc26e06e,"Yes, I do.","Certainly putting down friends and family There's some destruction of property, but it seems minimal at this point A change in the victims person",windowed_5
trial_lie_056_cc26e06e_cc26e06e,I want to ask you why?,Why do you say that Jody's a battered woman?,windowed_5
trial_lie_056_cc26e06e_cc26e06e,I want to ask you why?,"Certainly putting down friends and family There's some destruction of property, but it seems minimal at this point A change in the victims person",windowed_5
trial_lie_056_cc26e06e_cc26e06e,Why do you say that Jody's a battered woman?,"Certainly putting down friends and family There's some destruction of property, but it seems minimal at this point A change in the victims person",windowed_5
trial_lie_056_cc26e06e,relationship.,"Yes, I believe she was in an abusive relationship.",windowed_5
trial_lie_056_cc26e06e,relationship.,And do you believe in your expert opinion that Jody was a battered woman or is a battered woman?,windowed_5
trial_lie_056_cc26e06e,relationship.,"Yes, I do.",windowed_5
trial_lie_056_cc26e06e,relationship.,I want to ask you why?,windowed_5
trial_lie_056_cc26e06e,relationship.,Why do you say that Jody's a battered woman?,windowed_5
trial_lie_056_cc26e06e,"Yes, I believe she was in an abusive relationship.",And do you believe in your expert opinion that Jody was a battered woman or is a battered woman?,windowed_5
trial_lie_056_cc26e06e,"Yes, I believe she was in an abusive relationship.","Yes, I do.",windowed_5
trial_lie_056_cc26e06e,"Yes, I believe she was in an abusive relationship.",I want to ask you why?,windowed_5
trial_lie_056_cc26e06e,"Yes, I believe she was in an abusive relationship.",Why do you say that Jody's a battered woman?,windowed_5
trial_lie_056_cc26e06e,"Yes, I believe she was in an abusive relationship.","Certainly putting down friends and family There's some destruction of property, but it seems minimal at this point A change in the victims person",windowed_5
trial_lie_056_cc26e06e,And do you believe in your expert opinion that Jody was a battered woman or is a battered woman?,"Yes, I do.",windowed_5
trial_lie_056_cc26e06e,And do you believe in your expert opinion that Jody was a battered woman or is a battered woman?,I want to ask you why?,windowed_5
trial_lie_056_cc26e06e,And do you believe in your expert opinion that Jody was a battered woman or is a battered woman?,Why do you say that Jody's a battered woman?,windowed_5
trial_lie_056_cc26e06e,And do you believe in your expert opinion that Jody was a battered woman or is a battered woman?,"Certainly putting down friends and family There's some destruction of property, but it seems minimal at this point A change in the victims person",windowed_5
trial_lie_056_cc26e06e,"Yes, I do.",I want to ask you why?,windowed_5
trial_lie_056_cc26e06e,"Yes, I do.",Why do you say that Jody's a battered woman?,windowed_5
trial_lie_056_cc26e06e,"Yes, I do.","Certainly putting down friends and family There's some destruction of property, but it seems minimal at this point A change in the victims person",windowed_5
trial_lie_056_cc26e06e,I want to ask you why?,Why do you say that Jody's a battered woman?,windowed_5
trial_lie_056_cc26e06e,I want to ask you why?,"Certainly putting down friends and family There's some destruction of property, but it seems minimal at this point A change in the victims person",windowed_5
trial_lie_056_cc26e06e,Why do you say that Jody's a battered woman?,"Certainly putting down friends and family There's some destruction of property, but it seems minimal at this point A change in the victims person",windowed_5
trial_lie_056,relationship.,"Yes, I believe she was in an abusive relationship.",windowed_5
trial_lie_056,relationship.,And do you believe in your expert opinion that Jody was a battered woman or is a battered woman?,windowed_5
trial_lie_056,relationship.,"Yes, I do.",windowed_5
trial_lie_056,relationship.,I want to ask you why?,windowed_5
trial_lie_056,relationship.,Why do you say that Jody's a battered woman?,windowed_5
trial_lie_056,"Yes, I believe she was in an abusive relationship.",And do you believe in your expert opinion that Jody was a battered woman or is a battered woman?,windowed_5
trial_lie_056,"Yes, I believe she was in an abusive relationship.","Yes, I do.",windowed_5
trial_lie_056,"Yes, I believe she was in an abusive relationship.",I want to ask you why?,windowed_5
trial_lie_056,"Yes, I believe she was in an abusive relationship.",Why do you say that Jody's a battered woman?,windowed_5
trial_lie_056,"Yes, I believe she was in an abusive relationship.","Certainly putting down friends and family There's some destruction of property, but it seems minimal at this point A change in the victims person",windowed_5
trial_lie_056,And do you believe in your expert opinion that Jody was a battered woman or is a battered woman?,"Yes, I do.",windowed_5
trial_lie_056,And do you believe in your expert opinion that Jody was a battered woman or is a battered woman?,I want to ask you why?,windowed_5
trial_lie_056,And do you believe in your expert opinion that Jody was a battered woman or is a battered woman?,Why do you say that Jody's a battered woman?,windowed_5
trial_lie_056,And do you believe in your expert opinion that Jody was a battered woman or is a battered woman?,"Certainly putting down friends and family There's some destruction of property, but it seems minimal at this point A change in the victims person",windowed_5
trial_lie_056,"Yes, I do.",I want to ask you why?,windowed_5
trial_lie_056,"Yes, I do.",Why do you say that Jody's a battered woman?,windowed_5
trial_lie_056,"Yes, I do.","Certainly putting down friends and family There's some destruction of property, but it seems minimal at this point A change in the victims person",windowed_5
trial_lie_056,I want to ask you why?,Why do you say that Jody's a battered woman?,windowed_5
trial_lie_056,I want to ask you why?,"Certainly putting down friends and family There's some destruction of property, but it seems minimal at this point A change in the victims person",windowed_5
trial_lie_056,Why do you say that Jody's a battered woman?,"Certainly putting down friends and family There's some destruction of property, but it seems minimal at this point A change in the victims person",windowed_5
trial_lie_059_1a1d03fc,"If a person in the curingation was involved in activities like that, the elders would sit down with the individual and try to determine what's going on.","The objective is, as Jesus said, if you have 100 sheep and one's lost, leave the 99 and go find the one.",windowed_5
trial_lie_059_1a1d03fc,"If a person in the curingation was involved in activities like that, the elders would sit down with the individual and try to determine what's going on.",So the objective is to help that individual.,windowed_5
trial_lie_059_1a1d03fc,"If a person in the curingation was involved in activities like that, the elders would sit down with the individual and try to determine what's going on.","Whether it's worshiping something like that or Christmas, celebrate Christmas or fornication or whatever it happens to be.",windowed_5
trial_lie_059_1a1d03fc,"If a person in the curingation was involved in activities like that, the elders would sit down with the individual and try to determine what's going on.",The elders will meet with that individual.,windowed_5
trial_lie_059_1a1d03fc,"If a person in the curingation was involved in activities like that, the elders would sit down with the individual and try to determine what's going on.","Based on the person's attitude at that time, we'll have a direct relevance to what they do.",windowed_5
trial_lie_059_1a1d03fc,"The objective is, as Jesus said, if you have 100 sheep and one's lost, leave the 99 and go find the one.",So the objective is to help that individual.,windowed_5
trial_lie_059_1a1d03fc,"The objective is, as Jesus said, if you have 100 sheep and one's lost, leave the 99 and go find the one.","Whether it's worshiping something like that or Christmas, celebrate Christmas or fornication or whatever it happens to be.",windowed_5
trial_lie_059_1a1d03fc,"The objective is, as Jesus said, if you have 100 sheep and one's lost, leave the 99 and go find the one.",The elders will meet with that individual.,windowed_5
trial_lie_059_1a1d03fc,"The objective is, as Jesus said, if you have 100 sheep and one's lost, leave the 99 and go find the one.","Based on the person's attitude at that time, we'll have a direct relevance to what they do.",windowed_5
trial_lie_059_1a1d03fc,So the objective is to help that individual.,"Whether it's worshiping something like that or Christmas, celebrate Christmas or fornication or whatever it happens to be.",windowed_5
trial_lie_059_1a1d03fc,So the objective is to help that individual.,The elders will meet with that individual.,windowed_5
trial_lie_059_1a1d03fc,So the objective is to help that individual.,"Based on the person's attitude at that time, we'll have a direct relevance to what they do.",windowed_5
trial_lie_059_1a1d03fc,"Whether it's worshiping something like that or Christmas, celebrate Christmas or fornication or whatever it happens to be.",The elders will meet with that individual.,windowed_5
trial_lie_059_1a1d03fc,"Whether it's worshiping something like that or Christmas, celebrate Christmas or fornication or whatever it happens to be.","Based on the person's attitude at that time, we'll have a direct relevance to what they do.",windowed_5
trial_lie_059_1a1d03fc,The elders will meet with that individual.,"Based on the person's attitude at that time, we'll have a direct relevance to what they do.",windowed_5
trial_truth_002,All of us who have represented people for years in the system get letters from prisoners and their families.,This person is improperly convicted.,windowed_5
trial_truth_002,All of us who have represented people for years in the system get letters from prisoners and their families.,"You need to do something about it, but it's no one else's job to do it other than the innocence project.",windowed_5
trial_truth_002,All of us who have represented people for years in the system get letters from prisoners and their families.,And they do it.,windowed_5
trial_truth_002,All of us who have represented people for years in the system get letters from prisoners and their families.,They do it marvelously.,windowed_5
trial_truth_002,This person is improperly convicted.,"You need to do something about it, but it's no one else's job to do it other than the innocence project.",windowed_5
trial_truth_002,This person is improperly convicted.,And they do it.,windowed_5
trial_truth_002,This person is improperly convicted.,They do it marvelously.,windowed_5
trial_truth_002,"You need to do something about it, but it's no one else's job to do it other than the innocence project.",And they do it.,windowed_5
trial_truth_002,"You need to do something about it, but it's no one else's job to do it other than the innocence project.",They do it marvelously.,windowed_5
trial_truth_002,And they do it.,They do it marvelously.,windowed_5
trial_truth_003,"But yes, I was there.",And you stayed?,windowed_5
trial_truth_003,"But yes, I was there.","Yep, I stayed.",windowed_5
trial_truth_003,"But yes, I was there.",Did you have a joining rooms at that trip in Greenville?,windowed_5
trial_truth_003,"But yes, I was there.","Yeah, probably yes.",windowed_5
trial_truth_003,And you stayed?,"Yep, I stayed.",windowed_5
trial_truth_003,And you stayed?,Did you have a joining rooms at that trip in Greenville?,windowed_5
trial_truth_003,And you stayed?,"Yeah, probably yes.",windowed_5
trial_truth_003,"Yep, I stayed.",Did you have a joining rooms at that trip in Greenville?,windowed_5
trial_truth_003,"Yep, I stayed.","Yeah, probably yes.",windowed_5
trial_truth_003,Did you have a joining rooms at that trip in Greenville?,"Yeah, probably yes.",windowed_5
trial_truth_004,I do.,What happened?,windowed_5
trial_truth_004,I do.,What do you remember for that?,windowed_5
trial_truth_004,I do.,That night.,windowed_5
trial_truth_004,I do.,I was in office and I got a call maybe close to 9 o'clock.,windowed_5
trial_truth_004,I do.,"I don't remember some number, 28 and 9 from Rusty.",windowed_5
trial_truth_004,What happened?,What do you remember for that?,windowed_5
trial_truth_004,What happened?,That night.,windowed_5
trial_truth_004,What happened?,I was in office and I got a call maybe close to 9 o'clock.,windowed_5
trial_truth_004,What happened?,"I don't remember some number, 28 and 9 from Rusty.",windowed_5
trial_truth_004,What happened?,What did Rusty say?,windowed_5
trial_truth_004,What do you remember for that?,That night.,windowed_5
trial_truth_004,What do you remember for that?,I was in office and I got a call maybe close to 9 o'clock.,windowed_5
trial_truth_004,What do you remember for that?,"I don't remember some number, 28 and 9 from Rusty.",windowed_5
trial_truth_004,What do you remember for that?,What did Rusty say?,windowed_5
trial_truth_004,What do you remember for that?,"He said, someone was just on the side of the house and he was sort of not completely coherent but said, someone was sleeping on the side of the house and he called the police and he was, oh, then he had to go really quickly to talk to the police",windowed_5
trial_truth_004,That night.,I was in office and I got a call maybe close to 9 o'clock.,windowed_5
trial_truth_004,That night.,"I don't remember some number, 28 and 9 from Rusty.",windowed_5
trial_truth_004,That night.,What did Rusty say?,windowed_5
trial_truth_004,That night.,"He said, someone was just on the side of the house and he was sort of not completely coherent but said, someone was sleeping on the side of the house and he called the police and he was, oh, then he had to go really quickly to talk to the police",windowed_5
trial_truth_004,That night.,and then he ended up calling me back and told me the whole story of what had happened which was that he had put Ian in the car as he does every day around that time and Ian's car seat is on the right passenger side in the back and as he walked around he smelled gas.,windowed_5
trial_truth_004,I was in office and I got a call maybe close to 9 o'clock.,"I don't remember some number, 28 and 9 from Rusty.",windowed_5
trial_truth_004,I was in office and I got a call maybe close to 9 o'clock.,What did Rusty say?,windowed_5
trial_truth_004,I was in office and I got a call maybe close to 9 o'clock.,"He said, someone was just on the side of the house and he was sort of not completely coherent but said, someone was sleeping on the side of the house and he called the police and he was, oh, then he had to go really quickly to talk to the police",windowed_5
trial_truth_004,I was in office and I got a call maybe close to 9 o'clock.,and then he ended up calling me back and told me the whole story of what had happened which was that he had put Ian in the car as he does every day around that time and Ian's car seat is on the right passenger side in the back and as he walked around he smelled gas.,windowed_5
trial_truth_004,I was in office and I got a call maybe close to 9 o'clock.,"As he walked because he sort of exits the garage a little bit to get to his side of the car, he smelled gas and our gas meter and pipe is on the side of the left side of the house if you're looking at the front.",windowed_5
trial_truth_004,"I don't remember some number, 28 and 9 from Rusty.",What did Rusty say?,windowed_5
trial_truth_004,"I don't remember some number, 28 and 9 from Rusty.","He said, someone was just on the side of the house and he was sort of not completely coherent but said, someone was sleeping on the side of the house and he called the police and he was, oh, then he had to go really quickly to talk to the police",windowed_5
trial_truth_004,"I don't remember some number, 28 and 9 from Rusty.",and then he ended up calling me back and told me the whole story of what had happened which was that he had put Ian in the car as he does every day around that time and Ian's car seat is on the right passenger side in the back and as he walked around he smelled gas.,windowed_5
trial_truth_004,"I don't remember some number, 28 and 9 from Rusty.","As he walked because he sort of exits the garage a little bit to get to his side of the car, he smelled gas and our gas meter and pipe is on the side of the left side of the house if you're looking at the front.",windowed_5
trial_truth_004,"I don't remember some number, 28 and 9 from Rusty.",So he walked over to that spot near our air conditioners and he said that there was a man lying face down on the ground.,windowed_5
trial_truth_004,What did Rusty say?,"He said, someone was just on the side of the house and he was sort of not completely coherent but said, someone was sleeping on the side of the house and he called the police and he was, oh, then he had to go really quickly to talk to the police",windowed_5
trial_truth_004,What did Rusty say?,and then he ended up calling me back and told me the whole story of what had happened which was that he had put Ian in the car as he does every day around that time and Ian's car seat is on the right passenger side in the back and as he walked around he smelled gas.,windowed_5
trial_truth_004,What did Rusty say?,"As he walked because he sort of exits the garage a little bit to get to his side of the car, he smelled gas and our gas meter and pipe is on the side of the left side of the house if you're looking at the front.",windowed_5
trial_truth_004,What did Rusty say?,So he walked over to that spot near our air conditioners and he said that there was a man lying face down on the ground.,windowed_5
trial_truth_004,"He said, someone was just on the side of the house and he was sort of not completely coherent but said, someone was sleeping on the side of the house and he called the police and he was, oh, then he had to go really quickly to talk to the police",and then he ended up calling me back and told me the whole story of what had happened which was that he had put Ian in the car as he does every day around that time and Ian's car seat is on the right passenger side in the back and as he walked around he smelled gas.,windowed_5
trial_truth_004,"He said, someone was just on the side of the house and he was sort of not completely coherent but said, someone was sleeping on the side of the house and he called the police and he was, oh, then he had to go really quickly to talk to the police","As he walked because he sort of exits the garage a little bit to get to his side of the car, he smelled gas and our gas meter and pipe is on the side of the left side of the house if you're looking at the front.",windowed_5
trial_truth_004,"He said, someone was just on the side of the house and he was sort of not completely coherent but said, someone was sleeping on the side of the house and he called the police and he was, oh, then he had to go really quickly to talk to the police",So he walked over to that spot near our air conditioners and he said that there was a man lying face down on the ground.,windowed_5
trial_truth_004,and then he ended up calling me back and told me the whole story of what had happened which was that he had put Ian in the car as he does every day around that time and Ian's car seat is on the right passenger side in the back and as he walked around he smelled gas.,"As he walked because he sort of exits the garage a little bit to get to his side of the car, he smelled gas and our gas meter and pipe is on the side of the left side of the house if you're looking at the front.",windowed_5
trial_truth_004,and then he ended up calling me back and told me the whole story of what had happened which was that he had put Ian in the car as he does every day around that time and Ian's car seat is on the right passenger side in the back and as he walked around he smelled gas.,So he walked over to that spot near our air conditioners and he said that there was a man lying face down on the ground.,windowed_5
trial_truth_004,"As he walked because he sort of exits the garage a little bit to get to his side of the car, he smelled gas and our gas meter and pipe is on the side of the left side of the house if you're looking at the front.",So he walked over to that spot near our air conditioners and he said that there was a man lying face down on the ground.,windowed_5
trial_truth_005,"When Rusty backed up out of the garage, so Rusty had a communication with him, but now I know why, but Hemie never responded, because if he had spoken, I'm sure Rusty would have recognized who he was.","So he stayed silent the entire time, and Rusty panicked.",windowed_5
trial_truth_005,"When Rusty backed up out of the garage, so Rusty had a communication with him, but now I know why, but Hemie never responded, because if he had spoken, I'm sure Rusty would have recognized who he was.","He got in the car, backed out of the driveway, and once he was at the end of the driveway, picking up the phone to call 911, and he ran across the lawn over to a place that only someone who had been stalking my house for months would have known existed.",windowed_5
trial_truth_005,"So he stayed silent the entire time, and Rusty panicked.","He got in the car, backed out of the driveway, and once he was at the end of the driveway, picking up the phone to call 911, and he ran across the lawn over to a place that only someone who had been stalking my house for months would have known existed.",windowed_5
trial_truth_006,"Yeah, what did they tell you?",Really didn't tell me anything.,windowed_5
trial_truth_006,"Yeah, what did they tell you?",They said there has been an accident.,windowed_5
trial_truth_006,"Yeah, what did they tell you?","I'm sorry, just speak up a little please.",windowed_5
trial_truth_006,"Yeah, what did they tell you?","They said there had been an accident that Ian was fine, but there had been an accident.",windowed_5
trial_truth_006,"Yeah, what did they tell you?",And the accident specifically was directed to Rusty?,windowed_5
trial_truth_006,Really didn't tell me anything.,They said there has been an accident.,windowed_5
trial_truth_006,Really didn't tell me anything.,"I'm sorry, just speak up a little please.",windowed_5
trial_truth_006,Really didn't tell me anything.,"They said there had been an accident that Ian was fine, but there had been an accident.",windowed_5
trial_truth_006,Really didn't tell me anything.,And the accident specifically was directed to Rusty?,windowed_5
trial_truth_006,Really didn't tell me anything.,Or did they tell you?,windowed_5
trial_truth_006,They said there has been an accident.,"I'm sorry, just speak up a little please.",windowed_5
trial_truth_006,They said there has been an accident.,"They said there had been an accident that Ian was fine, but there had been an accident.",windowed_5
trial_truth_006,They said there has been an accident.,And the accident specifically was directed to Rusty?,windowed_5
trial_truth_006,They said there has been an accident.,Or did they tell you?,windowed_5
trial_truth_006,They said there has been an accident.,They didn't really tell me.,windowed_5
trial_truth_006,"I'm sorry, just speak up a little please.","They said there had been an accident that Ian was fine, but there had been an accident.",windowed_5
trial_truth_006,"I'm sorry, just speak up a little please.",And the accident specifically was directed to Rusty?,windowed_5
trial_truth_006,"I'm sorry, just speak up a little please.",Or did they tell you?,windowed_5
trial_truth_006,"I'm sorry, just speak up a little please.",They didn't really tell me.,windowed_5
trial_truth_006,"I'm sorry, just speak up a little please.",And then I screamed into the phone asking what was going on.,windowed_5
trial_truth_006,"They said there had been an accident that Ian was fine, but there had been an accident.",And the accident specifically was directed to Rusty?,windowed_5
trial_truth_006,"They said there had been an accident that Ian was fine, but there had been an accident.",Or did they tell you?,windowed_5
trial_truth_006,"They said there had been an accident that Ian was fine, but there had been an accident.",They didn't really tell me.,windowed_5
trial_truth_006,"They said there had been an accident that Ian was fine, but there had been an accident.",And then I screamed into the phone asking what was going on.,windowed_5
trial_truth_006,"They said there had been an accident that Ian was fine, but there had been an accident.",Then they just said you need to come here.,windowed_5
trial_truth_006,And the accident specifically was directed to Rusty?,Or did they tell you?,windowed_5
trial_truth_006,And the accident specifically was directed to Rusty?,They didn't really tell me.,windowed_5
trial_truth_006,And the accident specifically was directed to Rusty?,And then I screamed into the phone asking what was going on.,windowed_5
trial_truth_006,And the accident specifically was directed to Rusty?,Then they just said you need to come here.,windowed_5
trial_truth_006,And the accident specifically was directed to Rusty?,So I dropped the phone and ran out of my office.,windowed_5
trial_truth_006,Or did they tell you?,They didn't really tell me.,windowed_5
trial_truth_006,Or did they tell you?,And then I screamed into the phone asking what was going on.,windowed_5
trial_truth_006,Or did they tell you?,Then they just said you need to come here.,windowed_5
trial_truth_006,Or did they tell you?,So I dropped the phone and ran out of my office.,windowed_5
trial_truth_006,They didn't really tell me.,And then I screamed into the phone asking what was going on.,windowed_5
trial_truth_006,They didn't really tell me.,Then they just said you need to come here.,windowed_5
trial_truth_006,They didn't really tell me.,So I dropped the phone and ran out of my office.,windowed_5
trial_truth_006,And then I screamed into the phone asking what was going on.,Then they just said you need to come here.,windowed_5
trial_truth_006,And then I screamed into the phone asking what was going on.,So I dropped the phone and ran out of my office.,windowed_5
trial_truth_006,Then they just said you need to come here.,So I dropped the phone and ran out of my office.,windowed_5
trial_truth_007,"So, I have no idea a police officer I presume you'd have to ask my mother or my brother.",Did they tell you where Rusty was?,windowed_5
trial_truth_007,"So, I have no idea a police officer I presume you'd have to ask my mother or my brother.","No, they said they didn't know where he was being taken.",windowed_5
trial_truth_007,"So, I have no idea a police officer I presume you'd have to ask my mother or my brother.",So did you go to the house?,windowed_5
trial_truth_007,"So, I have no idea a police officer I presume you'd have to ask my mother or my brother.",Went to the house.,windowed_5
trial_truth_007,"So, I have no idea a police officer I presume you'd have to ask my mother or my brother.",I was in a fairly catatonic state.,windowed_5
trial_truth_007,Did they tell you where Rusty was?,"No, they said they didn't know where he was being taken.",windowed_5
trial_truth_007,Did they tell you where Rusty was?,So did you go to the house?,windowed_5
trial_truth_007,Did they tell you where Rusty was?,Went to the house.,windowed_5
trial_truth_007,Did they tell you where Rusty was?,I was in a fairly catatonic state.,windowed_5
trial_truth_007,Did they tell you where Rusty was?,My dad and my brother started making phone calls to all the local hospitals.,windowed_5
trial_truth_007,"No, they said they didn't know where he was being taken.",So did you go to the house?,windowed_5
trial_truth_007,"No, they said they didn't know where he was being taken.",Went to the house.,windowed_5
trial_truth_007,"No, they said they didn't know where he was being taken.",I was in a fairly catatonic state.,windowed_5
trial_truth_007,"No, they said they didn't know where he was being taken.",My dad and my brother started making phone calls to all the local hospitals.,windowed_5
trial_truth_007,"No, they said they didn't know where he was being taken.",Okay.,windowed_5
trial_truth_007,So did you go to the house?,Went to the house.,windowed_5
trial_truth_007,So did you go to the house?,I was in a fairly catatonic state.,windowed_5
trial_truth_007,So did you go to the house?,My dad and my brother started making phone calls to all the local hospitals.,windowed_5
trial_truth_007,So did you go to the house?,Okay.,windowed_5
trial_truth_007,So did you go to the house?,"And they eventually got a hold of, I don't know, whatever the hospital is, the line of medical center.",windowed_5
trial_truth_007,Went to the house.,I was in a fairly catatonic state.,windowed_5
trial_truth_007,Went to the house.,My dad and my brother started making phone calls to all the local hospitals.,windowed_5
trial_truth_007,Went to the house.,Okay.,windowed_5
trial_truth_007,Went to the house.,"And they eventually got a hold of, I don't know, whatever the hospital is, the line of medical center.",windowed_5
trial_truth_007,Went to the house.,"Yes, ma'am.",windowed_5
trial_truth_007,I was in a fairly catatonic state.,My dad and my brother started making phone calls to all the local hospitals.,windowed_5
trial_truth_007,I was in a fairly catatonic state.,Okay.,windowed_5
trial_truth_007,I was in a fairly catatonic state.,"And they eventually got a hold of, I don't know, whatever the hospital is, the line of medical center.",windowed_5
trial_truth_007,I was in a fairly catatonic state.,"Yes, ma'am.",windowed_5
trial_truth_007,I was in a fairly catatonic state.,And they wouldn't tell my dad anything but that he was being taken there.,windowed_5
trial_truth_007,My dad and my brother started making phone calls to all the local hospitals.,Okay.,windowed_5
trial_truth_007,My dad and my brother started making phone calls to all the local hospitals.,"And they eventually got a hold of, I don't know, whatever the hospital is, the line of medical center.",windowed_5
trial_truth_007,My dad and my brother started making phone calls to all the local hospitals.,"Yes, ma'am.",windowed_5
trial_truth_007,My dad and my brother started making phone calls to all the local hospitals.,And they wouldn't tell my dad anything but that he was being taken there.,windowed_5
trial_truth_007,My dad and my brother started making phone calls to all the local hospitals.,So we got in the car and we left.,windowed_5
trial_truth_007,Okay.,"And they eventually got a hold of, I don't know, whatever the hospital is, the line of medical center.",windowed_5
trial_truth_007,Okay.,"Yes, ma'am.",windowed_5
trial_truth_007,Okay.,And they wouldn't tell my dad anything but that he was being taken there.,windowed_5
trial_truth_007,Okay.,So we got in the car and we left.,windowed_5
trial_truth_007,Okay.,To go to the other side of the house.,windowed_5
trial_truth_007,"And they eventually got a hold of, I don't know, whatever the hospital is, the line of medical center.","Yes, ma'am.",windowed_5
trial_truth_007,"And they eventually got a hold of, I don't know, whatever the hospital is, the line of medical center.",And they wouldn't tell my dad anything but that he was being taken there.,windowed_5
trial_truth_007,"And they eventually got a hold of, I don't know, whatever the hospital is, the line of medical center.",So we got in the car and we left.,windowed_5
trial_truth_007,"And they eventually got a hold of, I don't know, whatever the hospital is, the line of medical center.",To go to the other side of the house.,windowed_5
trial_truth_007,"And they eventually got a hold of, I don't know, whatever the hospital is, the line of medical center.",That's correct.,windowed_5
trial_truth_007,"Yes, ma'am.",And they wouldn't tell my dad anything but that he was being taken there.,windowed_5
trial_truth_007,"Yes, ma'am.",So we got in the car and we left.,windowed_5
trial_truth_007,"Yes, ma'am.",To go to the other side of the house.,windowed_5
trial_truth_007,"Yes, ma'am.",That's correct.,windowed_5
trial_truth_007,"Yes, ma'am.",Okay.,windowed_5
trial_truth_007,And they wouldn't tell my dad anything but that he was being taken there.,So we got in the car and we left.,windowed_5
trial_truth_007,And they wouldn't tell my dad anything but that he was being taken there.,To go to the other side of the house.,windowed_5
trial_truth_007,And they wouldn't tell my dad anything but that he was being taken there.,That's correct.,windowed_5
trial_truth_007,And they wouldn't tell my dad anything but that he was being taken there.,Okay.,windowed_5
trial_truth_007,And they wouldn't tell my dad anything but that he was being taken there.,Was he and still with the daycare?,windowed_5
trial_truth_007,So we got in the car and we left.,To go to the other side of the house.,windowed_5
trial_truth_007,So we got in the car and we left.,That's correct.,windowed_5
trial_truth_007,So we got in the car and we left.,Okay.,windowed_5
trial_truth_007,So we got in the car and we left.,Was he and still with the daycare?,windowed_5
trial_truth_007,So we got in the car and we left.,"Yes, he was.",windowed_5
trial_truth_007,To go to the other side of the house.,That's correct.,windowed_5
trial_truth_007,To go to the other side of the house.,Okay.,windowed_5
trial_truth_007,To go to the other side of the house.,Was he and still with the daycare?,windowed_5
trial_truth_007,To go to the other side of the house.,"Yes, he was.",windowed_5
trial_truth_007,To go to the other side of the house.,"And I had, I, that was instructed that that was the best idea was to keep him at the daycare.",windowed_5
trial_truth_007,That's correct.,Okay.,windowed_5
trial_truth_007,That's correct.,Was he and still with the daycare?,windowed_5
trial_truth_007,That's correct.,"Yes, he was.",windowed_5
trial_truth_007,That's correct.,"And I had, I, that was instructed that that was the best idea was to keep him at the daycare.",windowed_5
trial_truth_007,That's correct.,Who instructed you that?,windowed_5
trial_truth_007,Okay.,Was he and still with the daycare?,windowed_5
trial_truth_007,Okay.,"Yes, he was.",windowed_5
trial_truth_007,Okay.,"And I had, I, that was instructed that that was the best idea was to keep him at the daycare.",windowed_5
trial_truth_007,Okay.,Who instructed you that?,windowed_5
trial_truth_007,Okay.,"The, uh, Donna, the woman that runs the daycare.",windowed_5
trial_truth_007,Was he and still with the daycare?,"Yes, he was.",windowed_5
trial_truth_007,Was he and still with the daycare?,"And I had, I, that was instructed that that was the best idea was to keep him at the daycare.",windowed_5
trial_truth_007,Was he and still with the daycare?,Who instructed you that?,windowed_5
trial_truth_007,Was he and still with the daycare?,"The, uh, Donna, the woman that runs the daycare.",windowed_5
trial_truth_007,Was he and still with the daycare?,And you left him.,windowed_5
trial_truth_007,"Yes, he was.","And I had, I, that was instructed that that was the best idea was to keep him at the daycare.",windowed_5
trial_truth_007,"Yes, he was.",Who instructed you that?,windowed_5
trial_truth_007,"Yes, he was.","The, uh, Donna, the woman that runs the daycare.",windowed_5
trial_truth_007,"Yes, he was.",And you left him.,windowed_5
trial_truth_007,"Yes, he was.",That's the safest place for him to be.,windowed_5
trial_truth_007,"And I had, I, that was instructed that that was the best idea was to keep him at the daycare.",Who instructed you that?,windowed_5
trial_truth_007,"And I had, I, that was instructed that that was the best idea was to keep him at the daycare.","The, uh, Donna, the woman that runs the daycare.",windowed_5
trial_truth_007,"And I had, I, that was instructed that that was the best idea was to keep him at the daycare.",And you left him.,windowed_5
trial_truth_007,"And I had, I, that was instructed that that was the best idea was to keep him at the daycare.",That's the safest place for him to be.,windowed_5
trial_truth_007,Who instructed you that?,"The, uh, Donna, the woman that runs the daycare.",windowed_5
trial_truth_007,Who instructed you that?,And you left him.,windowed_5
trial_truth_007,Who instructed you that?,That's the safest place for him to be.,windowed_5
trial_truth_007,"The, uh, Donna, the woman that runs the daycare.",And you left him.,windowed_5
trial_truth_007,"The, uh, Donna, the woman that runs the daycare.",That's the safest place for him to be.,windowed_5
trial_truth_007,And you left him.,That's the safest place for him to be.,windowed_5
trial_truth_008,"I mean, the only time, I mean, she was fine.","She was laughing at simple little things, just like any other person.",windowed_5
trial_truth_008,"I mean, the only time, I mean, she was fine.","She was, I never once felt there was anything wrong about the day.",windowed_5
trial_truth_008,"I mean, the only time, I mean, she was fine.",I felt like socially the first time I ever saw her in a crowd.,windowed_5
trial_truth_008,"I mean, the only time, I mean, she was fine.","I thought she was much, she was much more comfortable, one on one.",windowed_5
trial_truth_008,"I mean, the only time, I mean, she was fine.",That was the first time I noticed she was a little awkward in social areas and it seemed like she didn't talk very much to some other people.,windowed_5
trial_truth_008,"She was laughing at simple little things, just like any other person.","She was, I never once felt there was anything wrong about the day.",windowed_5
trial_truth_008,"She was laughing at simple little things, just like any other person.",I felt like socially the first time I ever saw her in a crowd.,windowed_5
trial_truth_008,"She was laughing at simple little things, just like any other person.","I thought she was much, she was much more comfortable, one on one.",windowed_5
trial_truth_008,"She was laughing at simple little things, just like any other person.",That was the first time I noticed she was a little awkward in social areas and it seemed like she didn't talk very much to some other people.,windowed_5
trial_truth_008,"She was laughing at simple little things, just like any other person.","And some other people would talk about that a little bit, but it just wasn't the Jody I knew, because one on one, she was very talkative and insightful and very different.",windowed_5
trial_truth_008,"She was, I never once felt there was anything wrong about the day.",I felt like socially the first time I ever saw her in a crowd.,windowed_5
trial_truth_008,"She was, I never once felt there was anything wrong about the day.","I thought she was much, she was much more comfortable, one on one.",windowed_5
trial_truth_008,"She was, I never once felt there was anything wrong about the day.",That was the first time I noticed she was a little awkward in social areas and it seemed like she didn't talk very much to some other people.,windowed_5
trial_truth_008,"She was, I never once felt there was anything wrong about the day.","And some other people would talk about that a little bit, but it just wasn't the Jody I knew, because one on one, she was very talkative and insightful and very different.",windowed_5
trial_truth_008,"She was, I never once felt there was anything wrong about the day.","So it seemed like in social situations, she was a bit more inhibited and shy.",windowed_5
trial_truth_008,I felt like socially the first time I ever saw her in a crowd.,"I thought she was much, she was much more comfortable, one on one.",windowed_5
trial_truth_008,I felt like socially the first time I ever saw her in a crowd.,That was the first time I noticed she was a little awkward in social areas and it seemed like she didn't talk very much to some other people.,windowed_5
trial_truth_008,I felt like socially the first time I ever saw her in a crowd.,"And some other people would talk about that a little bit, but it just wasn't the Jody I knew, because one on one, she was very talkative and insightful and very different.",windowed_5
trial_truth_008,I felt like socially the first time I ever saw her in a crowd.,"So it seemed like in social situations, she was a bit more inhibited and shy.",windowed_5
trial_truth_008,I felt like socially the first time I ever saw her in a crowd.,"You're a little shy, yeah.",windowed_5
trial_truth_008,"I thought she was much, she was much more comfortable, one on one.",That was the first time I noticed she was a little awkward in social areas and it seemed like she didn't talk very much to some other people.,windowed_5
trial_truth_008,"I thought she was much, she was much more comfortable, one on one.","And some other people would talk about that a little bit, but it just wasn't the Jody I knew, because one on one, she was very talkative and insightful and very different.",windowed_5
trial_truth_008,"I thought she was much, she was much more comfortable, one on one.","So it seemed like in social situations, she was a bit more inhibited and shy.",windowed_5
trial_truth_008,"I thought she was much, she was much more comfortable, one on one.","You're a little shy, yeah.",windowed_5
trial_truth_008,That was the first time I noticed she was a little awkward in social areas and it seemed like she didn't talk very much to some other people.,"And some other people would talk about that a little bit, but it just wasn't the Jody I knew, because one on one, she was very talkative and insightful and very different.",windowed_5
trial_truth_008,That was the first time I noticed she was a little awkward in social areas and it seemed like she didn't talk very much to some other people.,"So it seemed like in social situations, she was a bit more inhibited and shy.",windowed_5
trial_truth_008,That was the first time I noticed she was a little awkward in social areas and it seemed like she didn't talk very much to some other people.,"You're a little shy, yeah.",windowed_5
trial_truth_008,"And some other people would talk about that a little bit, but it just wasn't the Jody I knew, because one on one, she was very talkative and insightful and very different.","So it seemed like in social situations, she was a bit more inhibited and shy.",windowed_5
trial_truth_008,"And some other people would talk about that a little bit, but it just wasn't the Jody I knew, because one on one, she was very talkative and insightful and very different.","You're a little shy, yeah.",windowed_5
trial_truth_008,"So it seemed like in social situations, she was a bit more inhibited and shy.","You're a little shy, yeah.",windowed_5
trial_truth_009,"I mean, it pops right up on the screen if you've got your Gmail open.","And so if somebody says, you know, hi, it pops right up and you can reply and then you can almost carry on a conversation while you're doing other things.",windowed_5
trial_truth_009,"I mean, it pops right up on the screen if you've got your Gmail open.","But I mean, it's kind of like a text message back and forth that's immediate and you're both responding right away.",windowed_5
trial_truth_009,"I mean, it pops right up on the screen if you've got your Gmail open.","And sometimes you're even responding to things that are two or three questions away, you know, so it can kind of be kind of...",windowed_5
trial_truth_009,"And so if somebody says, you know, hi, it pops right up and you can reply and then you can almost carry on a conversation while you're doing other things.","But I mean, it's kind of like a text message back and forth that's immediate and you're both responding right away.",windowed_5
trial_truth_009,"And so if somebody says, you know, hi, it pops right up and you can reply and then you can almost carry on a conversation while you're doing other things.","And sometimes you're even responding to things that are two or three questions away, you know, so it can kind of be kind of...",windowed_5
trial_truth_009,"But I mean, it's kind of like a text message back and forth that's immediate and you're both responding right away.","And sometimes you're even responding to things that are two or three questions away, you know, so it can kind of be kind of...",windowed_5
trial_truth_010,At this point in time of this convention in Oklahoma City and it was able 2008.,Is that was your recollection or are thereabouts?,windowed_5
trial_truth_010,At this point in time of this convention in Oklahoma City and it was able 2008.,Okay.,windowed_5
trial_truth_010,At this point in time of this convention in Oklahoma City and it was able 2008.,Did you know a man by the name of Travis Alexander?,windowed_5
trial_truth_010,At this point in time of this convention in Oklahoma City and it was able 2008.,I knew who he was.,windowed_5
trial_truth_010,At this point in time of this convention in Oklahoma City and it was able 2008.,I didn't know him personally.,windowed_5
trial_truth_010,Is that was your recollection or are thereabouts?,Okay.,windowed_5
trial_truth_010,Is that was your recollection or are thereabouts?,Did you know a man by the name of Travis Alexander?,windowed_5
trial_truth_010,Is that was your recollection or are thereabouts?,I knew who he was.,windowed_5
trial_truth_010,Is that was your recollection or are thereabouts?,I didn't know him personally.,windowed_5
trial_truth_010,Is that was your recollection or are thereabouts?,Okay.,windowed_5
trial_truth_010,Okay.,Did you know a man by the name of Travis Alexander?,windowed_5
trial_truth_010,Okay.,I knew who he was.,windowed_5
trial_truth_010,Okay.,I didn't know him personally.,windowed_5
trial_truth_010,Okay.,Okay.,windowed_5
trial_truth_010,Okay.,"So could you kind of describe that force, what you mean by that?",windowed_5
trial_truth_010,Did you know a man by the name of Travis Alexander?,I knew who he was.,windowed_5
trial_truth_010,Did you know a man by the name of Travis Alexander?,I didn't know him personally.,windowed_5
trial_truth_010,Did you know a man by the name of Travis Alexander?,Okay.,windowed_5
trial_truth_010,Did you know a man by the name of Travis Alexander?,"So could you kind of describe that force, what you mean by that?",windowed_5
trial_truth_010,Did you know a man by the name of Travis Alexander?,"Yeah,",windowed_5
trial_truth_010,I knew who he was.,I didn't know him personally.,windowed_5
trial_truth_010,I knew who he was.,Okay.,windowed_5
trial_truth_010,I knew who he was.,"So could you kind of describe that force, what you mean by that?",windowed_5
trial_truth_010,I knew who he was.,"Yeah,",windowed_5
trial_truth_010,I knew who he was.,I maybe three months in the business.,windowed_5
trial_truth_010,I didn't know him personally.,Okay.,windowed_5
trial_truth_010,I didn't know him personally.,"So could you kind of describe that force, what you mean by that?",windowed_5
trial_truth_010,I didn't know him personally.,"Yeah,",windowed_5
trial_truth_010,I didn't know him personally.,I maybe three months in the business.,windowed_5
trial_truth_010,I didn't know him personally.,I was struggling not doing so well.,windowed_5
trial_truth_010,Okay.,"So could you kind of describe that force, what you mean by that?",windowed_5
trial_truth_010,Okay.,"Yeah,",windowed_5
trial_truth_010,Okay.,I maybe three months in the business.,windowed_5
trial_truth_010,Okay.,I was struggling not doing so well.,windowed_5
trial_truth_010,Okay.,I was even thinking about quitting.,windowed_5
trial_truth_010,"So could you kind of describe that force, what you mean by that?","Yeah,",windowed_5
trial_truth_010,"So could you kind of describe that force, what you mean by that?",I maybe three months in the business.,windowed_5
trial_truth_010,"So could you kind of describe that force, what you mean by that?",I was struggling not doing so well.,windowed_5
trial_truth_010,"So could you kind of describe that force, what you mean by that?",I was even thinking about quitting.,windowed_5
trial_truth_010,"So could you kind of describe that force, what you mean by that?",And then at some point Travis Alexander was flown into town as a guest speaker for Salt Lake City Market.,windowed_5
trial_truth_010,"Yeah,",I maybe three months in the business.,windowed_5
trial_truth_010,"Yeah,",I was struggling not doing so well.,windowed_5
trial_truth_010,"Yeah,",I was even thinking about quitting.,windowed_5
trial_truth_010,"Yeah,",And then at some point Travis Alexander was flown into town as a guest speaker for Salt Lake City Market.,windowed_5
trial_truth_010,"Yeah,",And I attended that at training and I was inspired by him.,windowed_5
trial_truth_010,I maybe three months in the business.,I was struggling not doing so well.,windowed_5
trial_truth_010,I maybe three months in the business.,I was even thinking about quitting.,windowed_5
trial_truth_010,I maybe three months in the business.,And then at some point Travis Alexander was flown into town as a guest speaker for Salt Lake City Market.,windowed_5
trial_truth_010,I maybe three months in the business.,And I attended that at training and I was inspired by him.,windowed_5
trial_truth_010,I maybe three months in the business.,It kind of changed my business around and that was my only encounter with him personally.,windowed_5
trial_truth_010,I was struggling not doing so well.,I was even thinking about quitting.,windowed_5
trial_truth_010,I was struggling not doing so well.,And then at some point Travis Alexander was flown into town as a guest speaker for Salt Lake City Market.,windowed_5
trial_truth_010,I was struggling not doing so well.,And I attended that at training and I was inspired by him.,windowed_5
trial_truth_010,I was struggling not doing so well.,It kind of changed my business around and that was my only encounter with him personally.,windowed_5
trial_truth_010,I was struggling not doing so well.,Okay.,windowed_5
trial_truth_010,I was even thinking about quitting.,And then at some point Travis Alexander was flown into town as a guest speaker for Salt Lake City Market.,windowed_5
trial_truth_010,I was even thinking about quitting.,And I attended that at training and I was inspired by him.,windowed_5
trial_truth_010,I was even thinking about quitting.,It kind of changed my business around and that was my only encounter with him personally.,windowed_5
trial_truth_010,I was even thinking about quitting.,Okay.,windowed_5
trial_truth_010,I was even thinking about quitting.,"And so I just, I kept going and did much better after that.",windowed_5
trial_truth_010,And then at some point Travis Alexander was flown into town as a guest speaker for Salt Lake City Market.,And I attended that at training and I was inspired by him.,windowed_5
trial_truth_010,And then at some point Travis Alexander was flown into town as a guest speaker for Salt Lake City Market.,It kind of changed my business around and that was my only encounter with him personally.,windowed_5
trial_truth_010,And then at some point Travis Alexander was flown into town as a guest speaker for Salt Lake City Market.,Okay.,windowed_5
trial_truth_010,And then at some point Travis Alexander was flown into town as a guest speaker for Salt Lake City Market.,"And so I just, I kept going and did much better after that.",windowed_5
trial_truth_010,And then at some point Travis Alexander was flown into town as a guest speaker for Salt Lake City Market.,Okay.,windowed_5
trial_truth_010,And I attended that at training and I was inspired by him.,It kind of changed my business around and that was my only encounter with him personally.,windowed_5
trial_truth_010,And I attended that at training and I was inspired by him.,Okay.,windowed_5
trial_truth_010,And I attended that at training and I was inspired by him.,"And so I just, I kept going and did much better after that.",windowed_5
trial_truth_010,And I attended that at training and I was inspired by him.,Okay.,windowed_5
trial_truth_010,And I attended that at training and I was inspired by him.,Now you also mentioned that sometime subsequent to this initial meeting with Miss Areas.,windowed_5
trial_truth_010,It kind of changed my business around and that was my only encounter with him personally.,Okay.,windowed_5
trial_truth_010,It kind of changed my business around and that was my only encounter with him personally.,"And so I just, I kept going and did much better after that.",windowed_5
trial_truth_010,It kind of changed my business around and that was my only encounter with him personally.,Okay.,windowed_5
trial_truth_010,It kind of changed my business around and that was my only encounter with him personally.,Now you also mentioned that sometime subsequent to this initial meeting with Miss Areas.,windowed_5
trial_truth_010,It kind of changed my business around and that was my only encounter with him personally.,"By the way, was Miss Dr. Alexander there when the two of you were speaking that during that initial session?",windowed_5
trial_truth_010,Okay.,"And so I just, I kept going and did much better after that.",windowed_5
trial_truth_010,Okay.,Okay.,windowed_5
trial_truth_010,Okay.,Now you also mentioned that sometime subsequent to this initial meeting with Miss Areas.,windowed_5
trial_truth_010,Okay.,"By the way, was Miss Dr. Alexander there when the two of you were speaking that during that initial session?",windowed_5
trial_truth_010,Okay.,I don't.,windowed_5
trial_truth_010,"And so I just, I kept going and did much better after that.",Okay.,windowed_5
trial_truth_010,"And so I just, I kept going and did much better after that.",Now you also mentioned that sometime subsequent to this initial meeting with Miss Areas.,windowed_5
trial_truth_010,"And so I just, I kept going and did much better after that.","By the way, was Miss Dr. Alexander there when the two of you were speaking that during that initial session?",windowed_5
trial_truth_010,"And so I just, I kept going and did much better after that.",I don't.,windowed_5
trial_truth_010,"And so I just, I kept going and did much better after that.","No, I don't remember him so probably not.",windowed_5
trial_truth_010,Okay.,Now you also mentioned that sometime subsequent to this initial meeting with Miss Areas.,windowed_5
trial_truth_010,Okay.,"By the way, was Miss Dr. Alexander there when the two of you were speaking that during that initial session?",windowed_5
trial_truth_010,Okay.,I don't.,windowed_5
trial_truth_010,Okay.,"No, I don't remember him so probably not.",windowed_5
trial_truth_010,Okay.,Okay.,windowed_5
trial_truth_010,Now you also mentioned that sometime subsequent to this initial meeting with Miss Areas.,"By the way, was Miss Dr. Alexander there when the two of you were speaking that during that initial session?",windowed_5
trial_truth_010,Now you also mentioned that sometime subsequent to this initial meeting with Miss Areas.,I don't.,windowed_5
trial_truth_010,Now you also mentioned that sometime subsequent to this initial meeting with Miss Areas.,"No, I don't remember him so probably not.",windowed_5
trial_truth_010,Now you also mentioned that sometime subsequent to this initial meeting with Miss Areas.,Okay.,windowed_5
trial_truth_010,"By the way, was Miss Dr. Alexander there when the two of you were speaking that during that initial session?",I don't.,windowed_5
trial_truth_010,"By the way, was Miss Dr. Alexander there when the two of you were speaking that during that initial session?","No, I don't remember him so probably not.",windowed_5
trial_truth_010,"By the way, was Miss Dr. Alexander there when the two of you were speaking that during that initial session?",Okay.,windowed_5
trial_truth_010,I don't.,"No, I don't remember him so probably not.",windowed_5
trial_truth_010,I don't.,Okay.,windowed_5
trial_truth_010,"No, I don't remember him so probably not.",Okay.,windowed_5
trial_truth_011,"I mean, sure, I was interested in getting to know her better and possibly dating her, yeah.",Okay.,windowed_5
trial_truth_011,"I mean, sure, I was interested in getting to know her better and possibly dating her, yeah.",So what do you remember about that conversation?,windowed_5
trial_truth_011,"I mean, sure, I was interested in getting to know her better and possibly dating her, yeah.","I mean, just other than it was pleasant.",windowed_5
trial_truth_011,"I mean, sure, I was interested in getting to know her better and possibly dating her, yeah.",We talked about the same kind of books that we'd like to read.,windowed_5
trial_truth_011,"I mean, sure, I was interested in getting to know her better and possibly dating her, yeah.","I mean, Atlas Shroud, Think and Grow Rich, Had a One Friends Influence People.",windowed_5
trial_truth_011,Okay.,So what do you remember about that conversation?,windowed_5
trial_truth_011,Okay.,"I mean, just other than it was pleasant.",windowed_5
trial_truth_011,Okay.,We talked about the same kind of books that we'd like to read.,windowed_5
trial_truth_011,Okay.,"I mean, Atlas Shroud, Think and Grow Rich, Had a One Friends Influence People.",windowed_5
trial_truth_011,Okay.,She kind of had just had a lot of the same interest.,windowed_5
trial_truth_011,So what do you remember about that conversation?,"I mean, just other than it was pleasant.",windowed_5
trial_truth_011,So what do you remember about that conversation?,We talked about the same kind of books that we'd like to read.,windowed_5
trial_truth_011,So what do you remember about that conversation?,"I mean, Atlas Shroud, Think and Grow Rich, Had a One Friends Influence People.",windowed_5
trial_truth_011,So what do you remember about that conversation?,She kind of had just had a lot of the same interest.,windowed_5
trial_truth_011,So what do you remember about that conversation?,She was very good conversational.,windowed_5
trial_truth_011,"I mean, just other than it was pleasant.",We talked about the same kind of books that we'd like to read.,windowed_5
trial_truth_011,"I mean, just other than it was pleasant.","I mean, Atlas Shroud, Think and Grow Rich, Had a One Friends Influence People.",windowed_5
trial_truth_011,"I mean, just other than it was pleasant.",She kind of had just had a lot of the same interest.,windowed_5
trial_truth_011,"I mean, just other than it was pleasant.",She was very good conversational.,windowed_5
trial_truth_011,"I mean, just other than it was pleasant.",It was on the phone.,windowed_5
trial_truth_011,We talked about the same kind of books that we'd like to read.,"I mean, Atlas Shroud, Think and Grow Rich, Had a One Friends Influence People.",windowed_5
trial_truth_011,We talked about the same kind of books that we'd like to read.,She kind of had just had a lot of the same interest.,windowed_5
trial_truth_011,We talked about the same kind of books that we'd like to read.,She was very good conversational.,windowed_5
trial_truth_011,We talked about the same kind of books that we'd like to read.,It was on the phone.,windowed_5
trial_truth_011,We talked about the same kind of books that we'd like to read.,We just had a lot in common.,windowed_5
trial_truth_011,"I mean, Atlas Shroud, Think and Grow Rich, Had a One Friends Influence People.",She kind of had just had a lot of the same interest.,windowed_5
trial_truth_011,"I mean, Atlas Shroud, Think and Grow Rich, Had a One Friends Influence People.",She was very good conversational.,windowed_5
trial_truth_011,"I mean, Atlas Shroud, Think and Grow Rich, Had a One Friends Influence People.",It was on the phone.,windowed_5
trial_truth_011,"I mean, Atlas Shroud, Think and Grow Rich, Had a One Friends Influence People.",We just had a lot in common.,windowed_5
trial_truth_011,"I mean, Atlas Shroud, Think and Grow Rich, Had a One Friends Influence People.",And I initially met her.,windowed_5
trial_truth_011,She kind of had just had a lot of the same interest.,She was very good conversational.,windowed_5
trial_truth_011,She kind of had just had a lot of the same interest.,It was on the phone.,windowed_5
trial_truth_011,She kind of had just had a lot of the same interest.,We just had a lot in common.,windowed_5
trial_truth_011,She kind of had just had a lot of the same interest.,And I initially met her.,windowed_5
trial_truth_011,She kind of had just had a lot of the same interest.,"I mean, she's a business woman at a national convention entrepreneur.",windowed_5
trial_truth_011,She was very good conversational.,It was on the phone.,windowed_5
trial_truth_011,She was very good conversational.,We just had a lot in common.,windowed_5
trial_truth_011,She was very good conversational.,And I initially met her.,windowed_5
trial_truth_011,She was very good conversational.,"I mean, she's a business woman at a national convention entrepreneur.",windowed_5
trial_truth_011,She was very good conversational.,So I thought that was an attractive trait.,windowed_5
trial_truth_011,It was on the phone.,We just had a lot in common.,windowed_5
trial_truth_011,It was on the phone.,And I initially met her.,windowed_5
trial_truth_011,It was on the phone.,"I mean, she's a business woman at a national convention entrepreneur.",windowed_5
trial_truth_011,It was on the phone.,So I thought that was an attractive trait.,windowed_5
trial_truth_011,It was on the phone.,Okay.,windowed_5
trial_truth_011,We just had a lot in common.,And I initially met her.,windowed_5
trial_truth_011,We just had a lot in common.,"I mean, she's a business woman at a national convention entrepreneur.",windowed_5
trial_truth_011,We just had a lot in common.,So I thought that was an attractive trait.,windowed_5
trial_truth_011,We just had a lot in common.,Okay.,windowed_5
trial_truth_011,We just had a lot in common.,"Yeah, just all those kinds of things that sound like somebody I wanted to get to know.",windowed_5
trial_truth_011,And I initially met her.,"I mean, she's a business woman at a national convention entrepreneur.",windowed_5
trial_truth_011,And I initially met her.,So I thought that was an attractive trait.,windowed_5
trial_truth_011,And I initially met her.,Okay.,windowed_5
trial_truth_011,And I initially met her.,"Yeah, just all those kinds of things that sound like somebody I wanted to get to know.",windowed_5
trial_truth_011,And I initially met her.,Okay.,windowed_5
trial_truth_011,"I mean, she's a business woman at a national convention entrepreneur.",So I thought that was an attractive trait.,windowed_5
trial_truth_011,"I mean, she's a business woman at a national convention entrepreneur.",Okay.,windowed_5
trial_truth_011,"I mean, she's a business woman at a national convention entrepreneur.","Yeah, just all those kinds of things that sound like somebody I wanted to get to know.",windowed_5
trial_truth_011,"I mean, she's a business woman at a national convention entrepreneur.",Okay.,windowed_5
trial_truth_011,So I thought that was an attractive trait.,Okay.,windowed_5
trial_truth_011,So I thought that was an attractive trait.,"Yeah, just all those kinds of things that sound like somebody I wanted to get to know.",windowed_5
trial_truth_011,So I thought that was an attractive trait.,Okay.,windowed_5
trial_truth_011,Okay.,"Yeah, just all those kinds of things that sound like somebody I wanted to get to know.",windowed_5
trial_truth_011,Okay.,Okay.,windowed_5
trial_truth_011,"Yeah, just all those kinds of things that sound like somebody I wanted to get to know.",Okay.,windowed_5
trial_truth_012,What did those typically take place and how often?,I don't think too often.,windowed_5
trial_truth_012,What did those typically take place and how often?,"Because usually we just call each other, we'd be texting.",windowed_5
trial_truth_012,What did those typically take place and how often?,"If we were both by a computer, when you're on Gmail, you can kind of see your contacts and who's actually online.",windowed_5
trial_truth_012,What did those typically take place and how often?,Okay.,windowed_5
trial_truth_012,What did those typically take place and how often?,"And I think at one point, she wrote, hi, this is a test, and then I was online, and I responded back to her, and that's when we started kind of just talking that way.",windowed_5
trial_truth_012,I don't think too often.,"Because usually we just call each other, we'd be texting.",windowed_5
trial_truth_012,I don't think too often.,"If we were both by a computer, when you're on Gmail, you can kind of see your contacts and who's actually online.",windowed_5
trial_truth_012,I don't think too often.,Okay.,windowed_5
trial_truth_012,I don't think too often.,"And I think at one point, she wrote, hi, this is a test, and then I was online, and I responded back to her, and that's when we started kind of just talking that way.",windowed_5
trial_truth_012,I don't think too often.,All right.,windowed_5
trial_truth_012,"Because usually we just call each other, we'd be texting.","If we were both by a computer, when you're on Gmail, you can kind of see your contacts and who's actually online.",windowed_5
trial_truth_012,"Because usually we just call each other, we'd be texting.",Okay.,windowed_5
trial_truth_012,"Because usually we just call each other, we'd be texting.","And I think at one point, she wrote, hi, this is a test, and then I was online, and I responded back to her, and that's when we started kind of just talking that way.",windowed_5
trial_truth_012,"Because usually we just call each other, we'd be texting.",All right.,windowed_5
trial_truth_012,"If we were both by a computer, when you're on Gmail, you can kind of see your contacts and who's actually online.",Okay.,windowed_5
trial_truth_012,"If we were both by a computer, when you're on Gmail, you can kind of see your contacts and who's actually online.","And I think at one point, she wrote, hi, this is a test, and then I was online, and I responded back to her, and that's when we started kind of just talking that way.",windowed_5
trial_truth_012,"If we were both by a computer, when you're on Gmail, you can kind of see your contacts and who's actually online.",All right.,windowed_5
trial_truth_012,Okay.,"And I think at one point, she wrote, hi, this is a test, and then I was online, and I responded back to her, and that's when we started kind of just talking that way.",windowed_5
trial_truth_012,Okay.,All right.,windowed_5
trial_truth_012,"And I think at one point, she wrote, hi, this is a test, and then I was online, and I responded back to her, and that's when we started kind of just talking that way.",All right.,windowed_5
trial_truth_013,Do you know which girl she was referring to?,No idea.,windowed_5
trial_truth_013,Do you know which girl she was referring to?,Okay.,windowed_5
trial_truth_013,Do you know which girl she was referring to?,Do you know the period of time that we're talking about when she found this out?,windowed_5
trial_truth_013,Do you know which girl she was referring to?,I was under the assumption of a long time ago.,windowed_5
trial_truth_013,Do you know which girl she was referring to?,I didn't know if it was six months ago or two years ago.,windowed_5
trial_truth_013,No idea.,Okay.,windowed_5
trial_truth_013,No idea.,Do you know the period of time that we're talking about when she found this out?,windowed_5
trial_truth_013,No idea.,I was under the assumption of a long time ago.,windowed_5
trial_truth_013,No idea.,I didn't know if it was six months ago or two years ago.,windowed_5
trial_truth_013,No idea.,I really didn't know.,windowed_5
trial_truth_013,Okay.,Do you know the period of time that we're talking about when she found this out?,windowed_5
trial_truth_013,Okay.,I was under the assumption of a long time ago.,windowed_5
trial_truth_013,Okay.,I didn't know if it was six months ago or two years ago.,windowed_5
trial_truth_013,Okay.,I really didn't know.,windowed_5
trial_truth_013,Okay.,"And again, I didn't try to pry too much in that relationship.",windowed_5
trial_truth_013,Do you know the period of time that we're talking about when she found this out?,I was under the assumption of a long time ago.,windowed_5
trial_truth_013,Do you know the period of time that we're talking about when she found this out?,I didn't know if it was six months ago or two years ago.,windowed_5
trial_truth_013,Do you know the period of time that we're talking about when she found this out?,I really didn't know.,windowed_5
trial_truth_013,Do you know the period of time that we're talking about when she found this out?,"And again, I didn't try to pry too much in that relationship.",windowed_5
trial_truth_013,Do you know the period of time that we're talking about when she found this out?,"I didn't feel like that was just in what,",windowed_5
trial_truth_013,I was under the assumption of a long time ago.,I didn't know if it was six months ago or two years ago.,windowed_5
trial_truth_013,I was under the assumption of a long time ago.,I really didn't know.,windowed_5
trial_truth_013,I was under the assumption of a long time ago.,"And again, I didn't try to pry too much in that relationship.",windowed_5
trial_truth_013,I was under the assumption of a long time ago.,"I didn't feel like that was just in what,",windowed_5
trial_truth_013,I was under the assumption of a long time ago.,"yeah,",windowed_5
trial_truth_013,I didn't know if it was six months ago or two years ago.,I really didn't know.,windowed_5
trial_truth_013,I didn't know if it was six months ago or two years ago.,"And again, I didn't try to pry too much in that relationship.",windowed_5
trial_truth_013,I didn't know if it was six months ago or two years ago.,"I didn't feel like that was just in what,",windowed_5
trial_truth_013,I didn't know if it was six months ago or two years ago.,"yeah,",windowed_5
trial_truth_013,I didn't know if it was six months ago or two years ago.,I didn't know how long ago was.,windowed_5
trial_truth_013,I really didn't know.,"And again, I didn't try to pry too much in that relationship.",windowed_5
trial_truth_013,I really didn't know.,"I didn't feel like that was just in what,",windowed_5
trial_truth_013,I really didn't know.,"yeah,",windowed_5
trial_truth_013,I really didn't know.,I didn't know how long ago was.,windowed_5
trial_truth_013,"And again, I didn't try to pry too much in that relationship.","I didn't feel like that was just in what,",windowed_5
trial_truth_013,"And again, I didn't try to pry too much in that relationship.","yeah,",windowed_5
trial_truth_013,"And again, I didn't try to pry too much in that relationship.",I didn't know how long ago was.,windowed_5
trial_truth_013,"I didn't feel like that was just in what,","yeah,",windowed_5
trial_truth_013,"I didn't feel like that was just in what,",I didn't know how long ago was.,windowed_5
trial_truth_013,"yeah,",I didn't know how long ago was.,windowed_5
trial_truth_014,from conversations from what Jody telling me that he had talked to other girls even when they were supposed to be together.,That might have been what I meant.,windowed_5
trial_truth_015,"I just talked to everybody, you know, and, you know, he was flirtatious.","I mean, he, you know, I don't know if a Clancy one.",windowed_5
trial_truth_015,"I just talked to everybody, you know, and, you know, he was flirtatious.",I told me that.,windowed_5
trial_truth_015,"I just talked to everybody, you know, and, you know, he was flirtatious.",I don't know who told me that.,windowed_5
trial_truth_015,"I just talked to everybody, you know, and, you know, he was flirtatious.",I know.,windowed_5
trial_truth_015,"I just talked to everybody, you know, and, you know, he was flirtatious.",What do you mean when you say that he's a flirt?,windowed_5
trial_truth_015,"I mean, he, you know, I don't know if a Clancy one.",I told me that.,windowed_5
trial_truth_015,"I mean, he, you know, I don't know if a Clancy one.",I don't know who told me that.,windowed_5
trial_truth_015,"I mean, he, you know, I don't know if a Clancy one.",I know.,windowed_5
trial_truth_015,"I mean, he, you know, I don't know if a Clancy one.",What do you mean when you say that he's a flirt?,windowed_5
trial_truth_015,"I mean, he, you know, I don't know if a Clancy one.","I don't know enough about him, but I just knew he was a flirt.",windowed_5
trial_truth_015,I told me that.,I don't know who told me that.,windowed_5
trial_truth_015,I told me that.,I know.,windowed_5
trial_truth_015,I told me that.,What do you mean when you say that he's a flirt?,windowed_5
trial_truth_015,I told me that.,"I don't know enough about him, but I just knew he was a flirt.",windowed_5
trial_truth_015,I told me that.,"And that, you know, he was, I remember Clancy telling me, you know, at times that, you know, he just, that's just what's he him is.",windowed_5
trial_truth_015,I don't know who told me that.,I know.,windowed_5
trial_truth_015,I don't know who told me that.,What do you mean when you say that he's a flirt?,windowed_5
trial_truth_015,I don't know who told me that.,"I don't know enough about him, but I just knew he was a flirt.",windowed_5
trial_truth_015,I don't know who told me that.,"And that, you know, he was, I remember Clancy telling me, you know, at times that, you know, he just, that's just what's he him is.",windowed_5
trial_truth_015,I don't know who told me that.,"She was, you know, he would just flirt with everybody, just goofing around.",windowed_5
trial_truth_015,I know.,What do you mean when you say that he's a flirt?,windowed_5
trial_truth_015,I know.,"I don't know enough about him, but I just knew he was a flirt.",windowed_5
trial_truth_015,I know.,"And that, you know, he was, I remember Clancy telling me, you know, at times that, you know, he just, that's just what's he him is.",windowed_5
trial_truth_015,I know.,"She was, you know, he would just flirt with everybody, just goofing around.",windowed_5
trial_truth_015,I know.,Nobody really took it seriously.,windowed_5
trial_truth_015,What do you mean when you say that he's a flirt?,"I don't know enough about him, but I just knew he was a flirt.",windowed_5
trial_truth_015,What do you mean when you say that he's a flirt?,"And that, you know, he was, I remember Clancy telling me, you know, at times that, you know, he just, that's just what's he him is.",windowed_5
trial_truth_015,What do you mean when you say that he's a flirt?,"She was, you know, he would just flirt with everybody, just goofing around.",windowed_5
trial_truth_015,What do you mean when you say that he's a flirt?,Nobody really took it seriously.,windowed_5
trial_truth_015,"I don't know enough about him, but I just knew he was a flirt.","And that, you know, he was, I remember Clancy telling me, you know, at times that, you know, he just, that's just what's he him is.",windowed_5
trial_truth_015,"I don't know enough about him, but I just knew he was a flirt.","She was, you know, he would just flirt with everybody, just goofing around.",windowed_5
trial_truth_015,"I don't know enough about him, but I just knew he was a flirt.",Nobody really took it seriously.,windowed_5
trial_truth_015,"And that, you know, he was, I remember Clancy telling me, you know, at times that, you know, he just, that's just what's he him is.","She was, you know, he would just flirt with everybody, just goofing around.",windowed_5
trial_truth_015,"And that, you know, he was, I remember Clancy telling me, you know, at times that, you know, he just, that's just what's he him is.",Nobody really took it seriously.,windowed_5
trial_truth_015,"She was, you know, he would just flirt with everybody, just goofing around.",Nobody really took it seriously.,windowed_5
trial_truth_020,A lot of people don't value their freedom until it's gone.,"And then when you get it back, it's like you value a lot more.",windowed_5
trial_truth_021,songs.,"To me, it's hard to swallow because I know I hadn't done anything",windowed_5
trial_truth_021,songs.,and I wasn't a sexual predator.,windowed_5
trial_truth_021,"To me, it's hard to swallow because I know I hadn't done anything",and I wasn't a sexual predator.,windowed_5
trial_truth_022,My name is Marvin Adanisson.,"I was born in Hanova, Virginia. 1982",windowed_5
trial_truth_022,My name is Marvin Adanisson.,"I went to Trial and it was convicted of two cancer rate, Sotterby, Robert, and Aduction.",windowed_5
trial_truth_022,My name is Marvin Adanisson.,I was sentenced to this total sentence of 210 years.,windowed_5
trial_truth_022,My name is Marvin Adanisson.,I spent 15 years in prison and five years on parole before I was exonerated in 2001.,windowed_5
trial_truth_022,"I was born in Hanova, Virginia. 1982","I went to Trial and it was convicted of two cancer rate, Sotterby, Robert, and Aduction.",windowed_5
trial_truth_022,"I was born in Hanova, Virginia. 1982",I was sentenced to this total sentence of 210 years.,windowed_5
trial_truth_022,"I was born in Hanova, Virginia. 1982",I spent 15 years in prison and five years on parole before I was exonerated in 2001.,windowed_5
trial_truth_022,"I went to Trial and it was convicted of two cancer rate, Sotterby, Robert, and Aduction.",I was sentenced to this total sentence of 210 years.,windowed_5
trial_truth_022,"I went to Trial and it was convicted of two cancer rate, Sotterby, Robert, and Aduction.",I spent 15 years in prison and five years on parole before I was exonerated in 2001.,windowed_5
trial_truth_022,I was sentenced to this total sentence of 210 years.,I spent 15 years in prison and five years on parole before I was exonerated in 2001.,windowed_5
trial_truth_023,I was convicted to following year and sentenced to 40 years in prison.,"This last year July 6th I was exonerated after serving 22 years by DNA evidence with the help of the Innocence Project who was able to locate the evidence in my case, have it tested and the test pool that I had committed to crime that I was sentenced for.",windowed_5
trial_truth_024,I was sentenced to 40 to 60 years in prison for this crime that I didn't commit.,"At the trial, the judge had exceeded the sentence in guidelines because he said that I failed to show we morse.",windowed_5
trial_truth_024,I was sentenced to 40 to 60 years in prison for this crime that I didn't commit.,"And I told him, you run, I feel terrible for what happened to this woman.",windowed_5
trial_truth_024,I was sentenced to 40 to 60 years in prison for this crime that I didn't commit.,It shouldn't happen to anyone.,windowed_5
trial_truth_024,I was sentenced to 40 to 60 years in prison for this crime that I didn't commit.,But I can't show we morse for something I didn't do or have any knowledge of.,windowed_5
trial_truth_024,"At the trial, the judge had exceeded the sentence in guidelines because he said that I failed to show we morse.","And I told him, you run, I feel terrible for what happened to this woman.",windowed_5
trial_truth_024,"At the trial, the judge had exceeded the sentence in guidelines because he said that I failed to show we morse.",It shouldn't happen to anyone.,windowed_5
trial_truth_024,"At the trial, the judge had exceeded the sentence in guidelines because he said that I failed to show we morse.",But I can't show we morse for something I didn't do or have any knowledge of.,windowed_5
trial_truth_024,"And I told him, you run, I feel terrible for what happened to this woman.",It shouldn't happen to anyone.,windowed_5
trial_truth_024,"And I told him, you run, I feel terrible for what happened to this woman.",But I can't show we morse for something I didn't do or have any knowledge of.,windowed_5
trial_truth_024,It shouldn't happen to anyone.,But I can't show we morse for something I didn't do or have any knowledge of.,windowed_5
trial_truth_025,"If these corrections aren't made in our system, it's going to happen to someone that you know.","Trust me, it's going to happen.",windowed_5
trial_truth_025,"If these corrections aren't made in our system, it's going to happen to someone that you know.",And I don't want anyone to go through what I or my family had to go through because we went through hell and bad.,windowed_5
trial_truth_025,"If these corrections aren't made in our system, it's going to happen to someone that you know.",And nobody in this country should have to suffer like that.,windowed_5
trial_truth_025,"If these corrections aren't made in our system, it's going to happen to someone that you know.",And I'll do my best to make sure that that's not going to happen to anyone else.,windowed_5
trial_truth_025,"Trust me, it's going to happen.",And I don't want anyone to go through what I or my family had to go through because we went through hell and bad.,windowed_5
trial_truth_025,"Trust me, it's going to happen.",And nobody in this country should have to suffer like that.,windowed_5
trial_truth_025,"Trust me, it's going to happen.",And I'll do my best to make sure that that's not going to happen to anyone else.,windowed_5
trial_truth_025,And I don't want anyone to go through what I or my family had to go through because we went through hell and bad.,And nobody in this country should have to suffer like that.,windowed_5
trial_truth_025,And I don't want anyone to go through what I or my family had to go through because we went through hell and bad.,And I'll do my best to make sure that that's not going to happen to anyone else.,windowed_5
trial_truth_025,And nobody in this country should have to suffer like that.,And I'll do my best to make sure that that's not going to happen to anyone else.,windowed_5
trial_truth_026,"I didn't understand my rights, and I'm not a coward.",You hear what I'm saying?,windowed_5
trial_truth_026,"I didn't understand my rights, and I'm not a coward.","All I know is this, my son is eight years old right now.",windowed_5
trial_truth_026,"I didn't understand my rights, and I'm not a coward.","He's gonna forget a lot about me, okay?",windowed_5
trial_truth_026,"I didn't understand my rights, and I'm not a coward.","When he looked back at all this media coverage from his bottom feeders, I don't want him to see that I still here, like a coward.",windowed_5
trial_truth_026,"I didn't understand my rights, and I'm not a coward.","I did what I did, and I did what I did for my baby, period.",windowed_5
trial_truth_026,You hear what I'm saying?,"All I know is this, my son is eight years old right now.",windowed_5
trial_truth_026,You hear what I'm saying?,"He's gonna forget a lot about me, okay?",windowed_5
trial_truth_026,You hear what I'm saying?,"When he looked back at all this media coverage from his bottom feeders, I don't want him to see that I still here, like a coward.",windowed_5
trial_truth_026,You hear what I'm saying?,"I did what I did, and I did what I did for my baby, period.",windowed_5
trial_truth_026,You hear what I'm saying?,"He gonna see me standing up, taking my responsibility.",windowed_5
trial_truth_026,"All I know is this, my son is eight years old right now.","He's gonna forget a lot about me, okay?",windowed_5
trial_truth_026,"All I know is this, my son is eight years old right now.","When he looked back at all this media coverage from his bottom feeders, I don't want him to see that I still here, like a coward.",windowed_5
trial_truth_026,"All I know is this, my son is eight years old right now.","I did what I did, and I did what I did for my baby, period.",windowed_5
trial_truth_026,"All I know is this, my son is eight years old right now.","He gonna see me standing up, taking my responsibility.",windowed_5
trial_truth_026,"All I know is this, my son is eight years old right now.","I will happily do life in prison for my child, that's period.",windowed_5
trial_truth_026,"He's gonna forget a lot about me, okay?","When he looked back at all this media coverage from his bottom feeders, I don't want him to see that I still here, like a coward.",windowed_5
trial_truth_026,"He's gonna forget a lot about me, okay?","I did what I did, and I did what I did for my baby, period.",windowed_5
trial_truth_026,"He's gonna forget a lot about me, okay?","He gonna see me standing up, taking my responsibility.",windowed_5
trial_truth_026,"He's gonna forget a lot about me, okay?","I will happily do life in prison for my child, that's period.",windowed_5
trial_truth_026,"He's gonna forget a lot about me, okay?",So I don't want to understand what other paperwork is that I do.,windowed_5
trial_truth_026,"When he looked back at all this media coverage from his bottom feeders, I don't want him to see that I still here, like a coward.","I did what I did, and I did what I did for my baby, period.",windowed_5
trial_truth_026,"When he looked back at all this media coverage from his bottom feeders, I don't want him to see that I still here, like a coward.","He gonna see me standing up, taking my responsibility.",windowed_5
trial_truth_026,"When he looked back at all this media coverage from his bottom feeders, I don't want him to see that I still here, like a coward.","I will happily do life in prison for my child, that's period.",windowed_5
trial_truth_026,"When he looked back at all this media coverage from his bottom feeders, I don't want him to see that I still here, like a coward.",So I don't want to understand what other paperwork is that I do.,windowed_5
trial_truth_026,"I did what I did, and I did what I did for my baby, period.","He gonna see me standing up, taking my responsibility.",windowed_5
trial_truth_026,"I did what I did, and I did what I did for my baby, period.","I will happily do life in prison for my child, that's period.",windowed_5
trial_truth_026,"I did what I did, and I did what I did for my baby, period.",So I don't want to understand what other paperwork is that I do.,windowed_5
trial_truth_026,"He gonna see me standing up, taking my responsibility.","I will happily do life in prison for my child, that's period.",windowed_5
trial_truth_026,"He gonna see me standing up, taking my responsibility.",So I don't want to understand what other paperwork is that I do.,windowed_5
trial_truth_026,"I will happily do life in prison for my child, that's period.",So I don't want to understand what other paperwork is that I do.,windowed_5
trial_truth_027,It was wonderful.,I came from Ukraine.,windowed_5
trial_truth_027,It was wonderful.,I always dreamed of a family like the Macaniel's when I was first adopted.,windowed_5
trial_truth_027,It was wonderful.,My mom was just wonderful.,windowed_5
trial_truth_027,It was wonderful.,It was exactly what I dreamed of.,windowed_5
trial_truth_027,It was wonderful.,Just perfect.,windowed_5
trial_truth_027,I came from Ukraine.,I always dreamed of a family like the Macaniel's when I was first adopted.,windowed_5
trial_truth_027,I came from Ukraine.,My mom was just wonderful.,windowed_5
trial_truth_027,I came from Ukraine.,It was exactly what I dreamed of.,windowed_5
trial_truth_027,I came from Ukraine.,Just perfect.,windowed_5
trial_truth_027,I came from Ukraine.,I mean I did.,windowed_5
trial_truth_027,I always dreamed of a family like the Macaniel's when I was first adopted.,My mom was just wonderful.,windowed_5
trial_truth_027,I always dreamed of a family like the Macaniel's when I was first adopted.,It was exactly what I dreamed of.,windowed_5
trial_truth_027,I always dreamed of a family like the Macaniel's when I was first adopted.,Just perfect.,windowed_5
trial_truth_027,I always dreamed of a family like the Macaniel's when I was first adopted.,I mean I did.,windowed_5
trial_truth_027,I always dreamed of a family like the Macaniel's when I was first adopted.,I took ballet.,windowed_5
trial_truth_027,My mom was just wonderful.,It was exactly what I dreamed of.,windowed_5
trial_truth_027,My mom was just wonderful.,Just perfect.,windowed_5
trial_truth_027,My mom was just wonderful.,I mean I did.,windowed_5
trial_truth_027,My mom was just wonderful.,I took ballet.,windowed_5
trial_truth_027,My mom was just wonderful.,I went to school.,windowed_5
trial_truth_027,It was exactly what I dreamed of.,Just perfect.,windowed_5
trial_truth_027,It was exactly what I dreamed of.,I mean I did.,windowed_5
trial_truth_027,It was exactly what I dreamed of.,I took ballet.,windowed_5
trial_truth_027,It was exactly what I dreamed of.,I went to school.,windowed_5
trial_truth_027,It was exactly what I dreamed of.,I had a wonderful family.,windowed_5
trial_truth_027,Just perfect.,I mean I did.,windowed_5
trial_truth_027,Just perfect.,I took ballet.,windowed_5
trial_truth_027,Just perfect.,I went to school.,windowed_5
trial_truth_027,Just perfect.,I had a wonderful family.,windowed_5
trial_truth_027,Just perfect.,It was perfect.,windowed_5
trial_truth_027,I mean I did.,I took ballet.,windowed_5
trial_truth_027,I mean I did.,I went to school.,windowed_5
trial_truth_027,I mean I did.,I had a wonderful family.,windowed_5
trial_truth_027,I mean I did.,It was perfect.,windowed_5
trial_truth_027,I mean I did.,Did your mom support you?,windowed_5
trial_truth_027,I took ballet.,I went to school.,windowed_5
trial_truth_027,I took ballet.,I had a wonderful family.,windowed_5
trial_truth_027,I took ballet.,It was perfect.,windowed_5
trial_truth_027,I took ballet.,Did your mom support you?,windowed_5
trial_truth_027,I went to school.,I had a wonderful family.,windowed_5
trial_truth_027,I went to school.,It was perfect.,windowed_5
trial_truth_027,I went to school.,Did your mom support you?,windowed_5
trial_truth_027,I had a wonderful family.,It was perfect.,windowed_5
trial_truth_027,I had a wonderful family.,Did your mom support you?,windowed_5
trial_truth_027,It was perfect.,Did your mom support you?,windowed_5
trial_truth_028,"It was a while back, but I believe I did.",I had asked about the battery.,windowed_5
trial_truth_028,"It was a while back, but I believe I did.",It would take time for the battery to charge.,windowed_5
trial_truth_028,"It was a while back, but I believe I did.",It wouldn't be able to be used out of the box.,windowed_5
trial_truth_028,"It was a while back, but I believe I did.","So by that time, that's when I asked if she would, like, one that's quartered.",windowed_5
trial_truth_028,I had asked about the battery.,It would take time for the battery to charge.,windowed_5
trial_truth_028,I had asked about the battery.,It wouldn't be able to be used out of the box.,windowed_5
trial_truth_028,I had asked about the battery.,"So by that time, that's when I asked if she would, like, one that's quartered.",windowed_5
trial_truth_028,It would take time for the battery to charge.,It wouldn't be able to be used out of the box.,windowed_5
trial_truth_028,It would take time for the battery to charge.,"So by that time, that's when I asked if she would, like, one that's quartered.",windowed_5
trial_truth_028,It wouldn't be able to be used out of the box.,"So by that time, that's when I asked if she would, like, one that's quartered.",windowed_5
trial_truth_029,It's something unusual happened after five o'clock in the morning.,"This isn't my kitchen getting ready, the light was on.",windowed_5
trial_truth_029,It's something unusual happened after five o'clock in the morning.,I heard a little moot moot to the back.,windowed_5
trial_truth_029,It's something unusual happened after five o'clock in the morning.,"Um, garbage can.",windowed_5
trial_truth_029,It's something unusual happened after five o'clock in the morning.,And then turned and somebody was ringing the doorbell with one dripping down out of their head.,windowed_5
trial_truth_029,It's something unusual happened after five o'clock in the morning.,"And screaming, we've been shot.",windowed_5
trial_truth_029,"This isn't my kitchen getting ready, the light was on.",I heard a little moot moot to the back.,windowed_5
trial_truth_029,"This isn't my kitchen getting ready, the light was on.","Um, garbage can.",windowed_5
trial_truth_029,"This isn't my kitchen getting ready, the light was on.",And then turned and somebody was ringing the doorbell with one dripping down out of their head.,windowed_5
trial_truth_029,"This isn't my kitchen getting ready, the light was on.","And screaming, we've been shot.",windowed_5
trial_truth_029,"This isn't my kitchen getting ready, the light was on.","You say somebody, was it a van or woman?",windowed_5
trial_truth_029,I heard a little moot moot to the back.,"Um, garbage can.",windowed_5
trial_truth_029,I heard a little moot moot to the back.,And then turned and somebody was ringing the doorbell with one dripping down out of their head.,windowed_5
trial_truth_029,I heard a little moot moot to the back.,"And screaming, we've been shot.",windowed_5
trial_truth_029,I heard a little moot moot to the back.,"You say somebody, was it a van or woman?",windowed_5
trial_truth_029,"Um, garbage can.",And then turned and somebody was ringing the doorbell with one dripping down out of their head.,windowed_5
trial_truth_029,"Um, garbage can.","And screaming, we've been shot.",windowed_5
trial_truth_029,"Um, garbage can.","You say somebody, was it a van or woman?",windowed_5
trial_truth_029,And then turned and somebody was ringing the doorbell with one dripping down out of their head.,"And screaming, we've been shot.",windowed_5
trial_truth_029,And then turned and somebody was ringing the doorbell with one dripping down out of their head.,"You say somebody, was it a van or woman?",windowed_5
trial_truth_029,"And screaming, we've been shot.","You say somebody, was it a van or woman?",windowed_5
trial_truth_030,"I started the investigation, similarly how I start all my investigations.","I have a, what's called a primary briefing where all of my assisting detectives and criminalist detectives, the scientific portion of the investigation, as well as members of the command staff, once everyone's present, and all the representatives there from OMI, the District Attorney's Office.",windowed_5
trial_truth_030,"I started the investigation, similarly how I start all my investigations.","I think everybody together, in this particular incident, there were so many of us.",windowed_5
trial_truth_030,"I started the investigation, similarly how I start all my investigations.",We did inside the garage of Alexander Fixton's house.,windowed_5
trial_truth_030,"I started the investigation, similarly how I start all my investigations.","He was not present for any of the briefings, but he allowed us to use his garage.",windowed_5
trial_truth_030,"I started the investigation, similarly how I start all my investigations.","And that's what started off the investigation, as I was briefed up on some officers that were there on scene, just so I could get a lay of the land, figure out kind of a summary of what happened.",windowed_5
trial_truth_030,"I have a, what's called a primary briefing where all of my assisting detectives and criminalist detectives, the scientific portion of the investigation, as well as members of the command staff, once everyone's present, and all the representatives there from OMI, the District Attorney's Office.","I think everybody together, in this particular incident, there were so many of us.",windowed_5
trial_truth_030,"I have a, what's called a primary briefing where all of my assisting detectives and criminalist detectives, the scientific portion of the investigation, as well as members of the command staff, once everyone's present, and all the representatives there from OMI, the District Attorney's Office.",We did inside the garage of Alexander Fixton's house.,windowed_5
trial_truth_030,"I have a, what's called a primary briefing where all of my assisting detectives and criminalist detectives, the scientific portion of the investigation, as well as members of the command staff, once everyone's present, and all the representatives there from OMI, the District Attorney's Office.","He was not present for any of the briefings, but he allowed us to use his garage.",windowed_5
trial_truth_030,"I have a, what's called a primary briefing where all of my assisting detectives and criminalist detectives, the scientific portion of the investigation, as well as members of the command staff, once everyone's present, and all the representatives there from OMI, the District Attorney's Office.","And that's what started off the investigation, as I was briefed up on some officers that were there on scene, just so I could get a lay of the land, figure out kind of a summary of what happened.",windowed_5
trial_truth_030,"I think everybody together, in this particular incident, there were so many of us.",We did inside the garage of Alexander Fixton's house.,windowed_5
trial_truth_030,"I think everybody together, in this particular incident, there were so many of us.","He was not present for any of the briefings, but he allowed us to use his garage.",windowed_5
trial_truth_030,"I think everybody together, in this particular incident, there were so many of us.","And that's what started off the investigation, as I was briefed up on some officers that were there on scene, just so I could get a lay of the land, figure out kind of a summary of what happened.",windowed_5
trial_truth_030,We did inside the garage of Alexander Fixton's house.,"He was not present for any of the briefings, but he allowed us to use his garage.",windowed_5
trial_truth_030,We did inside the garage of Alexander Fixton's house.,"And that's what started off the investigation, as I was briefed up on some officers that were there on scene, just so I could get a lay of the land, figure out kind of a summary of what happened.",windowed_5
trial_truth_030,"He was not present for any of the briefings, but he allowed us to use his garage.","And that's what started off the investigation, as I was briefed up on some officers that were there on scene, just so I could get a lay of the land, figure out kind of a summary of what happened.",windowed_5
trial_truth_031,"Well, yeah, we saw there was a man on the ground, and we'd naked and be leading from the back of his head, and by that time I was trying to call 911, and they were transparing me or something.","It was like, no, transparing me, don't transpare me.",windowed_5
trial_truth_031,"Well, yeah, we saw there was a man on the ground, and we'd naked and be leading from the back of his head, and by that time I was trying to call 911, and they were transparing me or something.",Yeah.,windowed_5
trial_truth_031,"Well, yeah, we saw there was a man on the ground, and we'd naked and be leading from the back of his head, and by that time I was trying to call 911, and they were transparing me or something.",You did call 911.,windowed_5
trial_truth_031,"It was like, no, transparing me, don't transpare me.",Yeah.,windowed_5
trial_truth_031,"It was like, no, transparing me, don't transpare me.",You did call 911.,windowed_5
trial_truth_031,Yeah.,You did call 911.,windowed_5
trial_truth_032,and she told me she was.,Did you ever see any blood on her person?,windowed_5
trial_truth_032,and she told me she was.,I did when I finally was still dark.,windowed_5
trial_truth_032,and she told me she was.,So I found my shot on flashlight at her.,windowed_5
trial_truth_032,and she told me she was.,Because she had mentioned she had been shot in the head.,windowed_5
trial_truth_032,and she told me she was.,And I could tell that her hair was soaked in blood.,windowed_5
trial_truth_032,Did you ever see any blood on her person?,I did when I finally was still dark.,windowed_5
trial_truth_032,Did you ever see any blood on her person?,So I found my shot on flashlight at her.,windowed_5
trial_truth_032,Did you ever see any blood on her person?,Because she had mentioned she had been shot in the head.,windowed_5
trial_truth_032,Did you ever see any blood on her person?,And I could tell that her hair was soaked in blood.,windowed_5
trial_truth_032,Did you ever see any blood on her person?,"Now earlier I asked you, if you were the first person there in the state you were, did other units eventually arrive to assist you?",windowed_5
trial_truth_032,I did when I finally was still dark.,So I found my shot on flashlight at her.,windowed_5
trial_truth_032,I did when I finally was still dark.,Because she had mentioned she had been shot in the head.,windowed_5
trial_truth_032,I did when I finally was still dark.,And I could tell that her hair was soaked in blood.,windowed_5
trial_truth_032,I did when I finally was still dark.,"Now earlier I asked you, if you were the first person there in the state you were, did other units eventually arrive to assist you?",windowed_5
trial_truth_032,I did when I finally was still dark.,At least one other officer arrived with me on both light creek.,windowed_5
trial_truth_032,So I found my shot on flashlight at her.,Because she had mentioned she had been shot in the head.,windowed_5
trial_truth_032,So I found my shot on flashlight at her.,And I could tell that her hair was soaked in blood.,windowed_5
trial_truth_032,So I found my shot on flashlight at her.,"Now earlier I asked you, if you were the first person there in the state you were, did other units eventually arrive to assist you?",windowed_5
trial_truth_032,So I found my shot on flashlight at her.,At least one other officer arrived with me on both light creek.,windowed_5
trial_truth_032,So I found my shot on flashlight at her.,"And then once we figured out that the actual incident happened on Bernadena, the rest of the officers went to that resident.",windowed_5
trial_truth_032,Because she had mentioned she had been shot in the head.,And I could tell that her hair was soaked in blood.,windowed_5
trial_truth_032,Because she had mentioned she had been shot in the head.,"Now earlier I asked you, if you were the first person there in the state you were, did other units eventually arrive to assist you?",windowed_5
trial_truth_032,Because she had mentioned she had been shot in the head.,At least one other officer arrived with me on both light creek.,windowed_5
trial_truth_032,Because she had mentioned she had been shot in the head.,"And then once we figured out that the actual incident happened on Bernadena, the rest of the officers went to that resident.",windowed_5
trial_truth_032,And I could tell that her hair was soaked in blood.,"Now earlier I asked you, if you were the first person there in the state you were, did other units eventually arrive to assist you?",windowed_5
trial_truth_032,And I could tell that her hair was soaked in blood.,At least one other officer arrived with me on both light creek.,windowed_5
trial_truth_032,And I could tell that her hair was soaked in blood.,"And then once we figured out that the actual incident happened on Bernadena, the rest of the officers went to that resident.",windowed_5
trial_truth_032,"Now earlier I asked you, if you were the first person there in the state you were, did other units eventually arrive to assist you?",At least one other officer arrived with me on both light creek.,windowed_5
trial_truth_032,"Now earlier I asked you, if you were the first person there in the state you were, did other units eventually arrive to assist you?","And then once we figured out that the actual incident happened on Bernadena, the rest of the officers went to that resident.",windowed_5
trial_truth_032,At least one other officer arrived with me on both light creek.,"And then once we figured out that the actual incident happened on Bernadena, the rest of the officers went to that resident.",windowed_5
trial_truth_033,There's two black men standing at the door and what look like just two shirts and basketball shorts.,So they're the ones at the door.,windowed_5
trial_truth_033,There's two black men standing at the door and what look like just two shirts and basketball shorts.,What happens then?,windowed_5
trial_truth_033,There's two black men standing at the door and what look like just two shirts and basketball shorts.,They pull out two pistols in their rubbish face until it's to get back in the house and get the fuck on the ground.,windowed_5
trial_truth_033,So they're the ones at the door.,What happens then?,windowed_5
trial_truth_033,So they're the ones at the door.,They pull out two pistols in their rubbish face until it's to get back in the house and get the fuck on the ground.,windowed_5
trial_truth_033,What happens then?,They pull out two pistols in their rubbish face until it's to get back in the house and get the fuck on the ground.,windowed_5
trial_truth_034,and she could just step back into the living room and through the fireplace.,We're going to be sitting on the left seat,windowed_5
trial_truth_034,and she could just step back into the living room and through the fireplace.,and she was still sitting there in shock,windowed_5
trial_truth_034,and she could just step back into the living room and through the fireplace.,and so the hinder could have been telling him to get down the ground,windowed_5
trial_truth_034,and she could just step back into the living room and through the fireplace.,and so now all three of us are face down on the floor,windowed_5
trial_truth_034,and she could just step back into the living room and through the fireplace.,"and we just tell us don't work, don't work, where's the money",windowed_5
trial_truth_034,We're going to be sitting on the left seat,and she was still sitting there in shock,windowed_5
trial_truth_034,We're going to be sitting on the left seat,and so the hinder could have been telling him to get down the ground,windowed_5
trial_truth_034,We're going to be sitting on the left seat,and so now all three of us are face down on the floor,windowed_5
trial_truth_034,We're going to be sitting on the left seat,"and we just tell us don't work, don't work, where's the money",windowed_5
trial_truth_034,We're going to be sitting on the left seat,and they start remencing to the house to find stuff.,windowed_5
trial_truth_034,and she was still sitting there in shock,and so the hinder could have been telling him to get down the ground,windowed_5
trial_truth_034,and she was still sitting there in shock,and so now all three of us are face down on the floor,windowed_5
trial_truth_034,and she was still sitting there in shock,"and we just tell us don't work, don't work, where's the money",windowed_5
trial_truth_034,and she was still sitting there in shock,and they start remencing to the house to find stuff.,windowed_5
trial_truth_034,and she was still sitting there in shock,Did they ask you anything?,windowed_5
trial_truth_034,and so the hinder could have been telling him to get down the ground,and so now all three of us are face down on the floor,windowed_5
trial_truth_034,and so the hinder could have been telling him to get down the ground,"and we just tell us don't work, don't work, where's the money",windowed_5
trial_truth_034,and so the hinder could have been telling him to get down the ground,and they start remencing to the house to find stuff.,windowed_5
trial_truth_034,and so the hinder could have been telling him to get down the ground,Did they ask you anything?,windowed_5
trial_truth_034,and so the hinder could have been telling him to get down the ground,"They asked you to house, they asked you to house and we didn't say anything.",windowed_5
trial_truth_034,and so now all three of us are face down on the floor,"and we just tell us don't work, don't work, where's the money",windowed_5
trial_truth_034,and so now all three of us are face down on the floor,and they start remencing to the house to find stuff.,windowed_5
trial_truth_034,and so now all three of us are face down on the floor,Did they ask you anything?,windowed_5
trial_truth_034,and so now all three of us are face down on the floor,"They asked you to house, they asked you to house and we didn't say anything.",windowed_5
trial_truth_034,and so now all three of us are face down on the floor,They asked you to house.,windowed_5
trial_truth_034,"and we just tell us don't work, don't work, where's the money",and they start remencing to the house to find stuff.,windowed_5
trial_truth_034,"and we just tell us don't work, don't work, where's the money",Did they ask you anything?,windowed_5
trial_truth_034,"and we just tell us don't work, don't work, where's the money","They asked you to house, they asked you to house and we didn't say anything.",windowed_5
trial_truth_034,"and we just tell us don't work, don't work, where's the money",They asked you to house.,windowed_5
trial_truth_034,and they start remencing to the house to find stuff.,Did they ask you anything?,windowed_5
trial_truth_034,and they start remencing to the house to find stuff.,"They asked you to house, they asked you to house and we didn't say anything.",windowed_5
trial_truth_034,and they start remencing to the house to find stuff.,They asked you to house.,windowed_5
trial_truth_034,Did they ask you anything?,"They asked you to house, they asked you to house and we didn't say anything.",windowed_5
trial_truth_034,Did they ask you anything?,They asked you to house.,windowed_5
trial_truth_034,"They asked you to house, they asked you to house and we didn't say anything.",They asked you to house.,windowed_5
trial_truth_035,and that's when one of them had pointed the gun towards my face and just said step back this isn't a game get on the ground.,Okay.,windowed_5
trial_truth_035,and that's when one of them had pointed the gun towards my face and just said step back this isn't a game get on the ground.,Let me ask you what differences did you notice about the two of them or how would you describe or distinguish between the facial features and the hair.,windowed_5
trial_truth_035,and that's when one of them had pointed the gun towards my face and just said step back this isn't a game get on the ground.,Okay.,windowed_5
trial_truth_035,and that's when one of them had pointed the gun towards my face and just said step back this isn't a game get on the ground.,What just described the hair for me?,windowed_5
trial_truth_035,and that's when one of them had pointed the gun towards my face and just said step back this isn't a game get on the ground.,The corn rose that's what Bernard had.,windowed_5
trial_truth_035,Okay.,Let me ask you what differences did you notice about the two of them or how would you describe or distinguish between the facial features and the hair.,windowed_5
trial_truth_035,Okay.,Okay.,windowed_5
trial_truth_035,Okay.,What just described the hair for me?,windowed_5
trial_truth_035,Okay.,The corn rose that's what Bernard had.,windowed_5
trial_truth_035,Okay.,I remember the corn rose and the slashes and best men's eyebrows.,windowed_5
trial_truth_035,Let me ask you what differences did you notice about the two of them or how would you describe or distinguish between the facial features and the hair.,Okay.,windowed_5
trial_truth_035,Let me ask you what differences did you notice about the two of them or how would you describe or distinguish between the facial features and the hair.,What just described the hair for me?,windowed_5
trial_truth_035,Let me ask you what differences did you notice about the two of them or how would you describe or distinguish between the facial features and the hair.,The corn rose that's what Bernard had.,windowed_5
trial_truth_035,Let me ask you what differences did you notice about the two of them or how would you describe or distinguish between the facial features and the hair.,I remember the corn rose and the slashes and best men's eyebrows.,windowed_5
trial_truth_035,Let me ask you what differences did you notice about the two of them or how would you describe or distinguish between the facial features and the hair.,Okay.,windowed_5
trial_truth_035,Okay.,What just described the hair for me?,windowed_5
trial_truth_035,Okay.,The corn rose that's what Bernard had.,windowed_5
trial_truth_035,Okay.,I remember the corn rose and the slashes and best men's eyebrows.,windowed_5
trial_truth_035,Okay.,Okay.,windowed_5
trial_truth_035,Okay.,Do you remember the,windowed_5
trial_truth_035,What just described the hair for me?,The corn rose that's what Bernard had.,windowed_5
trial_truth_035,What just described the hair for me?,I remember the corn rose and the slashes and best men's eyebrows.,windowed_5
trial_truth_035,What just described the hair for me?,Okay.,windowed_5
trial_truth_035,What just described the hair for me?,Do you remember the,windowed_5
trial_truth_035,The corn rose that's what Bernard had.,I remember the corn rose and the slashes and best men's eyebrows.,windowed_5
trial_truth_035,The corn rose that's what Bernard had.,Okay.,windowed_5
trial_truth_035,The corn rose that's what Bernard had.,Do you remember the,windowed_5
trial_truth_035,I remember the corn rose and the slashes and best men's eyebrows.,Okay.,windowed_5
trial_truth_035,I remember the corn rose and the slashes and best men's eyebrows.,Do you remember the,windowed_5
trial_truth_035,Okay.,Do you remember the,windowed_5
trial_truth_036,living or a marion what's the next thing you remember?,um they started to,windowed_5
trial_truth_036,living or a marion what's the next thing you remember?,well they got us on the ground first,windowed_5
trial_truth_036,living or a marion what's the next thing you remember?,and then they started just asking questions where is the stash where's the grow house um started asking for a name which I had no idea what they were talking about,windowed_5
trial_truth_036,living or a marion what's the next thing you remember?,and then they really just started asking for it like the grow house and said I'll ask you three one more time or two more times or something like that,windowed_5
trial_truth_036,living or a marion what's the next thing you remember?,and then they just proceeded to just getting us on the ground and then kind of going through the house and looking for anything of value that because they didn't have we didn't have what they were looking for,windowed_5
trial_truth_036,um they started to,well they got us on the ground first,windowed_5
trial_truth_036,um they started to,and then they started just asking questions where is the stash where's the grow house um started asking for a name which I had no idea what they were talking about,windowed_5
trial_truth_036,um they started to,and then they really just started asking for it like the grow house and said I'll ask you three one more time or two more times or something like that,windowed_5
trial_truth_036,um they started to,and then they just proceeded to just getting us on the ground and then kind of going through the house and looking for anything of value that because they didn't have we didn't have what they were looking for,windowed_5
trial_truth_036,um they started to,okay well let me show you,windowed_5
trial_truth_036,well they got us on the ground first,and then they started just asking questions where is the stash where's the grow house um started asking for a name which I had no idea what they were talking about,windowed_5
trial_truth_036,well they got us on the ground first,and then they really just started asking for it like the grow house and said I'll ask you three one more time or two more times or something like that,windowed_5
trial_truth_036,well they got us on the ground first,and then they just proceeded to just getting us on the ground and then kind of going through the house and looking for anything of value that because they didn't have we didn't have what they were looking for,windowed_5
trial_truth_036,well they got us on the ground first,okay well let me show you,windowed_5
trial_truth_036,and then they started just asking questions where is the stash where's the grow house um started asking for a name which I had no idea what they were talking about,and then they really just started asking for it like the grow house and said I'll ask you three one more time or two more times or something like that,windowed_5
trial_truth_036,and then they started just asking questions where is the stash where's the grow house um started asking for a name which I had no idea what they were talking about,and then they just proceeded to just getting us on the ground and then kind of going through the house and looking for anything of value that because they didn't have we didn't have what they were looking for,windowed_5
trial_truth_036,and then they started just asking questions where is the stash where's the grow house um started asking for a name which I had no idea what they were talking about,okay well let me show you,windowed_5
trial_truth_036,and then they really just started asking for it like the grow house and said I'll ask you three one more time or two more times or something like that,and then they just proceeded to just getting us on the ground and then kind of going through the house and looking for anything of value that because they didn't have we didn't have what they were looking for,windowed_5
trial_truth_036,and then they really just started asking for it like the grow house and said I'll ask you three one more time or two more times or something like that,okay well let me show you,windowed_5
trial_truth_036,and then they just proceeded to just getting us on the ground and then kind of going through the house and looking for anything of value that because they didn't have we didn't have what they were looking for,okay well let me show you,windowed_5
trial_truth_037,"I was several investigators on the scene and once we were there executing the warrant, the search warrant we took rooms in the house and I actually took the room to the right as you walk into, walk out of the living room which was Jonathan's room.","Okay, and when you talk to Jonathan, you're referring to it.",windowed_5
trial_truth_038,Next thing I remember is both of them coming into the house pulling the guns out of their waistband and telling all of us to get on the F-ing floor.,Now you said you saw them how many people did you see?,windowed_5
trial_truth_038,Next thing I remember is both of them coming into the house pulling the guns out of their waistband and telling all of us to get on the F-ing floor.,Just two.,windowed_5
trial_truth_038,Next thing I remember is both of them coming into the house pulling the guns out of their waistband and telling all of us to get on the F-ing floor.,Noland and,windowed_5
trial_truth_038,Now you said you saw them how many people did you see?,Just two.,windowed_5
trial_truth_038,Now you said you saw them how many people did you see?,Noland and,windowed_5
trial_truth_038,Just two.,Noland and,windowed_5
trial_truth_039_fa624338,"During the interview, Matthew Hood stated that Jamie Hood called him and asked him to pick him up at McDonald's.",He did so.,windowed_5
trial_truth_039_fa624338,"During the interview, Matthew Hood stated that Jamie Hood called him and asked him to pick him up at McDonald's.","Jamie Hood was, I believe, with his parents at the time at McDonald's.",windowed_5
trial_truth_039_fa624338,"During the interview, Matthew Hood stated that Jamie Hood called him and asked him to pick him up at McDonald's.",Matthew and Jamie Hood left.,windowed_5
trial_truth_039_fa624338,"During the interview, Matthew Hood stated that Jamie Hood called him and asked him to pick him up at McDonald's.",Jamie asked Matthew to take him to his cousin's house to change clothes.,windowed_5
trial_truth_039_fa624338,"During the interview, Matthew Hood stated that Jamie Hood called him and asked him to pick him up at McDonald's.",Matthew said that he did not know why.,windowed_5
trial_truth_039_fa624338,He did so.,"Jamie Hood was, I believe, with his parents at the time at McDonald's.",windowed_5
trial_truth_039_fa624338,He did so.,Matthew and Jamie Hood left.,windowed_5
trial_truth_039_fa624338,He did so.,Jamie asked Matthew to take him to his cousin's house to change clothes.,windowed_5
trial_truth_039_fa624338,He did so.,Matthew said that he did not know why.,windowed_5
trial_truth_039_fa624338,"Jamie Hood was, I believe, with his parents at the time at McDonald's.",Matthew and Jamie Hood left.,windowed_5
trial_truth_039_fa624338,"Jamie Hood was, I believe, with his parents at the time at McDonald's.",Jamie asked Matthew to take him to his cousin's house to change clothes.,windowed_5
trial_truth_039_fa624338,"Jamie Hood was, I believe, with his parents at the time at McDonald's.",Matthew said that he did not know why.,windowed_5
trial_truth_039_fa624338,Matthew and Jamie Hood left.,Jamie asked Matthew to take him to his cousin's house to change clothes.,windowed_5
trial_truth_039_fa624338,Matthew and Jamie Hood left.,Matthew said that he did not know why.,windowed_5
trial_truth_039_fa624338,Jamie asked Matthew to take him to his cousin's house to change clothes.,Matthew said that he did not know why.,windowed_5
trial_truth_039,"During the interview, Matthew Hood stated that Jamie Hood called him and asked him to pick him up at McDonald's.",He did so.,windowed_5
trial_truth_039,"During the interview, Matthew Hood stated that Jamie Hood called him and asked him to pick him up at McDonald's.","Jamie Hood was, I believe, with his parents at the time at McDonald's.",windowed_5
trial_truth_039,"During the interview, Matthew Hood stated that Jamie Hood called him and asked him to pick him up at McDonald's.",Matthew and Jamie Hood left.,windowed_5
trial_truth_039,"During the interview, Matthew Hood stated that Jamie Hood called him and asked him to pick him up at McDonald's.",Jamie asked Matthew to take him to his cousin's house to change clothes.,windowed_5
trial_truth_039,"During the interview, Matthew Hood stated that Jamie Hood called him and asked him to pick him up at McDonald's.",Matthew said that he did not know why.,windowed_5
trial_truth_039,He did so.,"Jamie Hood was, I believe, with his parents at the time at McDonald's.",windowed_5
trial_truth_039,He did so.,Matthew and Jamie Hood left.,windowed_5
trial_truth_039,He did so.,Jamie asked Matthew to take him to his cousin's house to change clothes.,windowed_5
trial_truth_039,He did so.,Matthew said that he did not know why.,windowed_5
trial_truth_039,"Jamie Hood was, I believe, with his parents at the time at McDonald's.",Matthew and Jamie Hood left.,windowed_5
trial_truth_039,"Jamie Hood was, I believe, with his parents at the time at McDonald's.",Jamie asked Matthew to take him to his cousin's house to change clothes.,windowed_5
trial_truth_039,"Jamie Hood was, I believe, with his parents at the time at McDonald's.",Matthew said that he did not know why.,windowed_5
trial_truth_039,Matthew and Jamie Hood left.,Jamie asked Matthew to take him to his cousin's house to change clothes.,windowed_5
trial_truth_039,Matthew and Jamie Hood left.,Matthew said that he did not know why.,windowed_5
trial_truth_039,Jamie asked Matthew to take him to his cousin's house to change clothes.,Matthew said that he did not know why.,windowed_5
trial_truth_040,I remember I already shot that.,"You know, remember getting under view",windowed_5
trial_truth_040,I remember I already shot that.,and I felt a grime.,windowed_5
trial_truth_040,I remember I already shot that.,"That's when the expel jury, the general's not working out.",windowed_5
trial_truth_040,I remember I already shot that.,Come up.,windowed_5
trial_truth_040,I remember I already shot that.,Did you hear me?,windowed_5
trial_truth_040,"You know, remember getting under view",and I felt a grime.,windowed_5
trial_truth_040,"You know, remember getting under view","That's when the expel jury, the general's not working out.",windowed_5
trial_truth_040,"You know, remember getting under view",Come up.,windowed_5
trial_truth_040,"You know, remember getting under view",Did you hear me?,windowed_5
trial_truth_040,"You know, remember getting under view","You know, make statements to you.",windowed_5
trial_truth_040,and I felt a grime.,"That's when the expel jury, the general's not working out.",windowed_5
trial_truth_040,and I felt a grime.,Come up.,windowed_5
trial_truth_040,and I felt a grime.,Did you hear me?,windowed_5
trial_truth_040,and I felt a grime.,"You know, make statements to you.",windowed_5
trial_truth_040,and I felt a grime.,Get off.,windowed_5
trial_truth_040,"That's when the expel jury, the general's not working out.",Come up.,windowed_5
trial_truth_040,"That's when the expel jury, the general's not working out.",Did you hear me?,windowed_5
trial_truth_040,"That's when the expel jury, the general's not working out.","You know, make statements to you.",windowed_5
trial_truth_040,"That's when the expel jury, the general's not working out.",Get off.,windowed_5
trial_truth_040,Come up.,Did you hear me?,windowed_5
trial_truth_040,Come up.,"You know, make statements to you.",windowed_5
trial_truth_040,Come up.,Get off.,windowed_5
trial_truth_040,Did you hear me?,"You know, make statements to you.",windowed_5
trial_truth_040,Did you hear me?,Get off.,windowed_5
trial_truth_040,"You know, make statements to you.",Get off.,windowed_5
trial_truth_041,What do you mean?,I put on my soft body armor put on and the repeated fan project we had hard body armor For which was good for rifle rounds,windowed_5
trial_truth_041,What do you mean?,so it was augmented body armor.,windowed_5
trial_truth_041,What do you mean?,So I put that on I changed my glasses because I noticed the time of day.,windowed_5
trial_truth_041,What do you mean?,So I changed the glasses from my sunglasses to Clear lenses to have eye protection Got my Department rifle insured that I had my department rifle my taser shotgun and Make sure my body armor had the recording devices on it,windowed_5
trial_truth_041,I put on my soft body armor put on and the repeated fan project we had hard body armor For which was good for rifle rounds,so it was augmented body armor.,windowed_5
trial_truth_041,I put on my soft body armor put on and the repeated fan project we had hard body armor For which was good for rifle rounds,So I put that on I changed my glasses because I noticed the time of day.,windowed_5
trial_truth_041,I put on my soft body armor put on and the repeated fan project we had hard body armor For which was good for rifle rounds,So I changed the glasses from my sunglasses to Clear lenses to have eye protection Got my Department rifle insured that I had my department rifle my taser shotgun and Make sure my body armor had the recording devices on it,windowed_5
trial_truth_041,so it was augmented body armor.,So I put that on I changed my glasses because I noticed the time of day.,windowed_5
trial_truth_041,so it was augmented body armor.,So I changed the glasses from my sunglasses to Clear lenses to have eye protection Got my Department rifle insured that I had my department rifle my taser shotgun and Make sure my body armor had the recording devices on it,windowed_5
trial_truth_041,So I put that on I changed my glasses because I noticed the time of day.,So I changed the glasses from my sunglasses to Clear lenses to have eye protection Got my Department rifle insured that I had my department rifle my taser shotgun and Make sure my body armor had the recording devices on it,windowed_5
trial_truth_042,You saw him turning.,From what my recollection is I saw him pull out the two knives.,windowed_5
trial_truth_042,You saw him turning.,And then they go back.,windowed_5
trial_truth_042,You saw him turning.,I'm going down.,windowed_5
trial_truth_042,You saw him turning.,"And I can see, basically, from my vantage point, it's his feet.",windowed_5
trial_truth_042,You saw him turning.,It's just turning to what appears to be posh bit to the east.,windowed_5
trial_truth_042,From what my recollection is I saw him pull out the two knives.,And then they go back.,windowed_5
trial_truth_042,From what my recollection is I saw him pull out the two knives.,I'm going down.,windowed_5
trial_truth_042,From what my recollection is I saw him pull out the two knives.,"And I can see, basically, from my vantage point, it's his feet.",windowed_5
trial_truth_042,From what my recollection is I saw him pull out the two knives.,It's just turning to what appears to be posh bit to the east.,windowed_5
trial_truth_042,From what my recollection is I saw him pull out the two knives.,"So you saw him turning and then you heard the shots, right?",windowed_5
trial_truth_042,And then they go back.,I'm going down.,windowed_5
trial_truth_042,And then they go back.,"And I can see, basically, from my vantage point, it's his feet.",windowed_5
trial_truth_042,And then they go back.,It's just turning to what appears to be posh bit to the east.,windowed_5
trial_truth_042,And then they go back.,"So you saw him turning and then you heard the shots, right?",windowed_5
trial_truth_042,And then they go back.,"I, at that point, I just looking at his feet.",windowed_5
trial_truth_042,I'm going down.,"And I can see, basically, from my vantage point, it's his feet.",windowed_5
trial_truth_042,I'm going down.,It's just turning to what appears to be posh bit to the east.,windowed_5
trial_truth_042,I'm going down.,"So you saw him turning and then you heard the shots, right?",windowed_5
trial_truth_042,I'm going down.,"I, at that point, I just looking at his feet.",windowed_5
trial_truth_042,I'm going down.,So I'm assuming he was turning and went down to the ground.,windowed_5
trial_truth_042,"And I can see, basically, from my vantage point, it's his feet.",It's just turning to what appears to be posh bit to the east.,windowed_5
trial_truth_042,"And I can see, basically, from my vantage point, it's his feet.","So you saw him turning and then you heard the shots, right?",windowed_5
trial_truth_042,"And I can see, basically, from my vantage point, it's his feet.","I, at that point, I just looking at his feet.",windowed_5
trial_truth_042,"And I can see, basically, from my vantage point, it's his feet.",So I'm assuming he was turning and went down to the ground.,windowed_5
trial_truth_042,"And I can see, basically, from my vantage point, it's his feet.",And that's before the shot.,windowed_5
trial_truth_042,It's just turning to what appears to be posh bit to the east.,"So you saw him turning and then you heard the shots, right?",windowed_5
trial_truth_042,It's just turning to what appears to be posh bit to the east.,"I, at that point, I just looking at his feet.",windowed_5
trial_truth_042,It's just turning to what appears to be posh bit to the east.,So I'm assuming he was turning and went down to the ground.,windowed_5
trial_truth_042,It's just turning to what appears to be posh bit to the east.,And that's before the shot.,windowed_5
trial_truth_042,"So you saw him turning and then you heard the shots, right?","I, at that point, I just looking at his feet.",windowed_5
trial_truth_042,"So you saw him turning and then you heard the shots, right?",So I'm assuming he was turning and went down to the ground.,windowed_5
trial_truth_042,"So you saw him turning and then you heard the shots, right?",And that's before the shot.,windowed_5
trial_truth_042,"I, at that point, I just looking at his feet.",So I'm assuming he was turning and went down to the ground.,windowed_5
trial_truth_042,"I, at that point, I just looking at his feet.",And that's before the shot.,windowed_5
trial_truth_042,So I'm assuming he was turning and went down to the ground.,And that's before the shot.,windowed_5
trial_truth_043,Other tactical officers that were already at the scene were deployed on the interim perimeter already.,"Again, officer Purdue had already deployed in a high ground position.",windowed_5
trial_truth_043,Other tactical officers that were already at the scene were deployed on the interim perimeter already.,"And so the next two that walked up, officer Perez, officer Ramon O'Neillus, walked up, and that was going to send both of those individuals up to where officer Weinberg's church was requesting additional members.",windowed_5
trial_truth_043,"Again, officer Purdue had already deployed in a high ground position.","And so the next two that walked up, officer Perez, officer Ramon O'Neillus, walked up, and that was going to send both of those individuals up to where officer Weinberg's church was requesting additional members.",windowed_5
trial_truth_044,I remember they were going in and out of the basement.,"I remember when the young ladies fell down in the kitchen because she was so intoxicated, she can't walk.",windowed_5
trial_truth_044,I remember they were going in and out of the basement.,"Me and my staff, one of my staff members actually made a comment about that.",windowed_5
trial_truth_044,I remember they were going in and out of the basement.,And that's the only other time I remember seeing them.,windowed_5
trial_truth_044,I remember they were going in and out of the basement.,When she fell down.,windowed_5
trial_truth_044,"I remember when the young ladies fell down in the kitchen because she was so intoxicated, she can't walk.","Me and my staff, one of my staff members actually made a comment about that.",windowed_5
trial_truth_044,"I remember when the young ladies fell down in the kitchen because she was so intoxicated, she can't walk.",And that's the only other time I remember seeing them.,windowed_5
trial_truth_044,"I remember when the young ladies fell down in the kitchen because she was so intoxicated, she can't walk.",When she fell down.,windowed_5
trial_truth_044,"Me and my staff, one of my staff members actually made a comment about that.",And that's the only other time I remember seeing them.,windowed_5
trial_truth_044,"Me and my staff, one of my staff members actually made a comment about that.",When she fell down.,windowed_5
trial_truth_044,And that's the only other time I remember seeing them.,When she fell down.,windowed_5
trial_truth_045,My daughter and Nicole have been friends for a long time.,"At Ravenscroft, they were both lifers for the class of 2005.",windowed_5
trial_truth_045,My daughter and Nicole have been friends for a long time.,And I had actually taught Nicole in sophomore English.,windowed_5
trial_truth_045,My daughter and Nicole have been friends for a long time.,"And Nicole and Megan had been in the band together for, I think from like seventh grade to tenth grade.",windowed_5
trial_truth_045,My daughter and Nicole have been friends for a long time.,"And no, excuse me, basketball from seventh to tenth.",windowed_5
trial_truth_045,My daughter and Nicole have been friends for a long time.,And then in the band together from fourth to 12th.,windowed_5
trial_truth_045,"At Ravenscroft, they were both lifers for the class of 2005.",And I had actually taught Nicole in sophomore English.,windowed_5
trial_truth_045,"At Ravenscroft, they were both lifers for the class of 2005.","And Nicole and Megan had been in the band together for, I think from like seventh grade to tenth grade.",windowed_5
trial_truth_045,"At Ravenscroft, they were both lifers for the class of 2005.","And no, excuse me, basketball from seventh to tenth.",windowed_5
trial_truth_045,"At Ravenscroft, they were both lifers for the class of 2005.",And then in the band together from fourth to 12th.,windowed_5
trial_truth_045,And I had actually taught Nicole in sophomore English.,"And Nicole and Megan had been in the band together for, I think from like seventh grade to tenth grade.",windowed_5
trial_truth_045,And I had actually taught Nicole in sophomore English.,"And no, excuse me, basketball from seventh to tenth.",windowed_5
trial_truth_045,And I had actually taught Nicole in sophomore English.,And then in the band together from fourth to 12th.,windowed_5
trial_truth_045,"And Nicole and Megan had been in the band together for, I think from like seventh grade to tenth grade.","And no, excuse me, basketball from seventh to tenth.",windowed_5
trial_truth_045,"And Nicole and Megan had been in the band together for, I think from like seventh grade to tenth grade.",And then in the band together from fourth to 12th.,windowed_5
trial_truth_045,"And no, excuse me, basketball from seventh to tenth.",And then in the band together from fourth to 12th.,windowed_5
trial_truth_046,were at the taller table there in the walkway.,"We were, of course, there now we're all over the place, running around taking pictures inside the house outside, capturing as much as possible, and they kind of stopped me and started talking to me.",windowed_5
trial_truth_046,were at the taller table there in the walkway.,"And the two girls and the two guys that have been drinking were trying to say step to me, and I've had it in existence.",windowed_5
trial_truth_046,were at the taller table there in the walkway.,"They were telling me how many, they were amazed, how many pictures we were taking and all this stuff, but most of what they said was not really understandable.",windowed_5
trial_truth_046,"We were, of course, there now we're all over the place, running around taking pictures inside the house outside, capturing as much as possible, and they kind of stopped me and started talking to me.","And the two girls and the two guys that have been drinking were trying to say step to me, and I've had it in existence.",windowed_5
trial_truth_046,"We were, of course, there now we're all over the place, running around taking pictures inside the house outside, capturing as much as possible, and they kind of stopped me and started talking to me.","They were telling me how many, they were amazed, how many pictures we were taking and all this stuff, but most of what they said was not really understandable.",windowed_5
trial_truth_046,"And the two girls and the two guys that have been drinking were trying to say step to me, and I've had it in existence.","They were telling me how many, they were amazed, how many pictures we were taking and all this stuff, but most of what they said was not really understandable.",windowed_5
trial_truth_047,"I asked him instinctively, so you're not going to drive anywhere right?","And I said, are you just going to stay here, so I'm going to pick you up and he said yes.",windowed_5
trial_truth_047,"I asked him instinctively, so you're not going to drive anywhere right?",I have a personal connection with that because my grandfather was killed by a drunk driver.,windowed_5
trial_truth_047,"I asked him instinctively, so you're not going to drive anywhere right?","So whenever it comes to anyone that's intoxicated that you know could have the possibility of driving, I was just like, you are not going to go anywhere.",windowed_5
trial_truth_047,"I asked him instinctively, so you're not going to drive anywhere right?",And so I had a moment of making sure that he was going to stay in the vicinity.,windowed_5
trial_truth_047,"I asked him instinctively, so you're not going to drive anywhere right?",So I asked him and he said yes.,windowed_5
trial_truth_047,"And I said, are you just going to stay here, so I'm going to pick you up and he said yes.",I have a personal connection with that because my grandfather was killed by a drunk driver.,windowed_5
trial_truth_047,"And I said, are you just going to stay here, so I'm going to pick you up and he said yes.","So whenever it comes to anyone that's intoxicated that you know could have the possibility of driving, I was just like, you are not going to go anywhere.",windowed_5
trial_truth_047,"And I said, are you just going to stay here, so I'm going to pick you up and he said yes.",And so I had a moment of making sure that he was going to stay in the vicinity.,windowed_5
trial_truth_047,"And I said, are you just going to stay here, so I'm going to pick you up and he said yes.",So I asked him and he said yes.,windowed_5
trial_truth_047,I have a personal connection with that because my grandfather was killed by a drunk driver.,"So whenever it comes to anyone that's intoxicated that you know could have the possibility of driving, I was just like, you are not going to go anywhere.",windowed_5
trial_truth_047,I have a personal connection with that because my grandfather was killed by a drunk driver.,And so I had a moment of making sure that he was going to stay in the vicinity.,windowed_5
trial_truth_047,I have a personal connection with that because my grandfather was killed by a drunk driver.,So I asked him and he said yes.,windowed_5
trial_truth_047,"So whenever it comes to anyone that's intoxicated that you know could have the possibility of driving, I was just like, you are not going to go anywhere.",And so I had a moment of making sure that he was going to stay in the vicinity.,windowed_5
trial_truth_047,"So whenever it comes to anyone that's intoxicated that you know could have the possibility of driving, I was just like, you are not going to go anywhere.",So I asked him and he said yes.,windowed_5
trial_truth_047,And so I had a moment of making sure that he was going to stay in the vicinity.,So I asked him and he said yes.,windowed_5
trial_truth_048,I started to notice some debris in the roadway.,"I noticed some tire marks, wasn't exactly sure what it was.",windowed_5
trial_truth_048,I started to notice some debris in the roadway.,"Some debris, I started following it down, noticed some damage to the roadway.",windowed_5
trial_truth_048,I started to notice some debris in the roadway.,"And then when I looked up, I saw a white car.",windowed_5
trial_truth_048,I started to notice some debris in the roadway.,That was up against the tree.,windowed_5
trial_truth_048,I started to notice some debris in the roadway.,What type of damage to the roadway did you have?,windowed_5
trial_truth_048,"I noticed some tire marks, wasn't exactly sure what it was.","Some debris, I started following it down, noticed some damage to the roadway.",windowed_5
trial_truth_048,"I noticed some tire marks, wasn't exactly sure what it was.","And then when I looked up, I saw a white car.",windowed_5
trial_truth_048,"I noticed some tire marks, wasn't exactly sure what it was.",That was up against the tree.,windowed_5
trial_truth_048,"I noticed some tire marks, wasn't exactly sure what it was.",What type of damage to the roadway did you have?,windowed_5
trial_truth_048,"Some debris, I started following it down, noticed some damage to the roadway.","And then when I looked up, I saw a white car.",windowed_5
trial_truth_048,"Some debris, I started following it down, noticed some damage to the roadway.",That was up against the tree.,windowed_5
trial_truth_048,"Some debris, I started following it down, noticed some damage to the roadway.",What type of damage to the roadway did you have?,windowed_5
trial_truth_048,"And then when I looked up, I saw a white car.",That was up against the tree.,windowed_5
trial_truth_048,"And then when I looked up, I saw a white car.",What type of damage to the roadway did you have?,windowed_5
trial_truth_048,That was up against the tree.,What type of damage to the roadway did you have?,windowed_5
trial_truth_049,"A, she felt very safe there.","To be, Angela's great aunt was very committed to her well-being and see she needs stability, permanency and safety in order to be able to heal and recover.",windowed_5
trial_truth_049,"A, she felt very safe there.",And it was clear just in the time that Gabby had spent at Angela's that she was receiving that from her aunt and her own.,windowed_5
trial_truth_049,"To be, Angela's great aunt was very committed to her well-being and see she needs stability, permanency and safety in order to be able to heal and recover.",And it was clear just in the time that Gabby had spent at Angela's that she was receiving that from her aunt and her own.,windowed_5
trial_truth_050,"At that time, on December 19th, we were also looking for some missing items, such as a badge and a gun.",And we started dropping up and down through Newcastle.,windowed_5
trial_truth_050,"At that time, on December 19th, we were also looking for some missing items, such as a badge and a gun.",We went on foot a couple of times through Newcastle Road and through Stagen Drive to look for the badge and gun or any other evidence.,windowed_5
trial_truth_050,And we started dropping up and down through Newcastle.,We went on foot a couple of times through Newcastle Road and through Stagen Drive to look for the badge and gun or any other evidence.,windowed_5
trial_truth_051,woke up to a lot of pain and a lot of pressure and the sound of somebody moaning and quickly realized it was bow,and then I just shut my eyes and laid there and that wasn't I don't even think a decision I consciously made,windowed_5
trial_truth_051,woke up to a lot of pain and a lot of pressure and the sound of somebody moaning and quickly realized it was bow,and I waited until he was done and he got up and he literally picked up a blanket through it on me,windowed_5
trial_truth_051,and then I just shut my eyes and laid there and that wasn't I don't even think a decision I consciously made,and I waited until he was done and he got up and he literally picked up a blanket through it on me,windowed_5
trial_truth_052,Five of the items had were first taken through the serology process because they needed to determine what type of DNA is present.,"The reason being is if sperm cells are identified, we have to take them through a process where we then, we call it a differential separation, where we are trying to separate the sperm cells from all of the epithelial cells.",windowed_5
trial_truth_053,They were good.,He treated me with respect.,windowed_5
trial_truth_053,They were good.,He loved me.,windowed_5
trial_truth_053,They were good.,He would like I have degenerative disease in my neck.,windowed_5
trial_truth_053,They were good.,So he would bring a pillow in the bathroom and put it behind my head.,windowed_5
trial_truth_053,They were good.,So my neck wouldn't hurt.,windowed_5
trial_truth_053,He treated me with respect.,He loved me.,windowed_5
trial_truth_053,He treated me with respect.,He would like I have degenerative disease in my neck.,windowed_5
trial_truth_053,He treated me with respect.,So he would bring a pillow in the bathroom and put it behind my head.,windowed_5
trial_truth_053,He treated me with respect.,So my neck wouldn't hurt.,windowed_5
trial_truth_053,He treated me with respect.,He would always ask me how I was doing.,windowed_5
trial_truth_053,He loved me.,He would like I have degenerative disease in my neck.,windowed_5
trial_truth_053,He loved me.,So he would bring a pillow in the bathroom and put it behind my head.,windowed_5
trial_truth_053,He loved me.,So my neck wouldn't hurt.,windowed_5
trial_truth_053,He loved me.,He would always ask me how I was doing.,windowed_5
trial_truth_053,He loved me.,He always want to talk to me.,windowed_5
trial_truth_053,He would like I have degenerative disease in my neck.,So he would bring a pillow in the bathroom and put it behind my head.,windowed_5
trial_truth_053,He would like I have degenerative disease in my neck.,So my neck wouldn't hurt.,windowed_5
trial_truth_053,He would like I have degenerative disease in my neck.,He would always ask me how I was doing.,windowed_5
trial_truth_053,He would like I have degenerative disease in my neck.,He always want to talk to me.,windowed_5
trial_truth_053,He would like I have degenerative disease in my neck.,He always called me baby and said he loved me.,windowed_5
trial_truth_053,So he would bring a pillow in the bathroom and put it behind my head.,So my neck wouldn't hurt.,windowed_5
trial_truth_053,So he would bring a pillow in the bathroom and put it behind my head.,He would always ask me how I was doing.,windowed_5
trial_truth_053,So he would bring a pillow in the bathroom and put it behind my head.,He always want to talk to me.,windowed_5
trial_truth_053,So he would bring a pillow in the bathroom and put it behind my head.,He always called me baby and said he loved me.,windowed_5
trial_truth_053,So he would bring a pillow in the bathroom and put it behind my head.,He said tell me he loved me all the time.,windowed_5
trial_truth_053,So my neck wouldn't hurt.,He would always ask me how I was doing.,windowed_5
trial_truth_053,So my neck wouldn't hurt.,He always want to talk to me.,windowed_5
trial_truth_053,So my neck wouldn't hurt.,He always called me baby and said he loved me.,windowed_5
trial_truth_053,So my neck wouldn't hurt.,He said tell me he loved me all the time.,windowed_5
trial_truth_053,He would always ask me how I was doing.,He always want to talk to me.,windowed_5
trial_truth_053,He would always ask me how I was doing.,He always called me baby and said he loved me.,windowed_5
trial_truth_053,He would always ask me how I was doing.,He said tell me he loved me all the time.,windowed_5
trial_truth_053,He always want to talk to me.,He always called me baby and said he loved me.,windowed_5
trial_truth_053,He always want to talk to me.,He said tell me he loved me all the time.,windowed_5
trial_truth_053,He always called me baby and said he loved me.,He said tell me he loved me all the time.,windowed_5
trial_truth_054,psychologist once explained to me that society has this need to persecute people.,"They get some sort of gratification from it, so there might be something going on there.",windowed_5
trial_truth_054,psychologist once explained to me that society has this need to persecute people.,"Beside that, I don't really, it's so convoluted that we could talk for hours on that, but it just is what it is.",windowed_5
trial_truth_054,"They get some sort of gratification from it, so there might be something going on there.","Beside that, I don't really, it's so convoluted that we could talk for hours on that, but it just is what it is.",windowed_5
trial_truth_055_3f12ce06,"Nothing that is what you typically see in a case like this, such as a childhood where there was drugs, alcoholism, molestation, things like that.",None of those things occurred in my family.,windowed_5
trial_truth_055_3f12ce06,"Nothing that is what you typically see in a case like this, such as a childhood where there was drugs, alcoholism, molestation, things like that.",So I don't know.,windowed_5
trial_truth_055_3f12ce06,"Nothing that is what you typically see in a case like this, such as a childhood where there was drugs, alcoholism, molestation, things like that.","I guess we would sort of joke that my mom didn't beat me hard enough, so I don't really have a mediation.",windowed_5
trial_truth_055_3f12ce06,"Nothing that is what you typically see in a case like this, such as a childhood where there was drugs, alcoholism, molestation, things like that.",So what do you mean?,windowed_5
trial_truth_055_3f12ce06,None of those things occurred in my family.,So I don't know.,windowed_5
trial_truth_055_3f12ce06,None of those things occurred in my family.,"I guess we would sort of joke that my mom didn't beat me hard enough, so I don't really have a mediation.",windowed_5
trial_truth_055_3f12ce06,None of those things occurred in my family.,So what do you mean?,windowed_5
trial_truth_055_3f12ce06,So I don't know.,"I guess we would sort of joke that my mom didn't beat me hard enough, so I don't really have a mediation.",windowed_5
trial_truth_055_3f12ce06,So I don't know.,So what do you mean?,windowed_5
trial_truth_055_3f12ce06,"I guess we would sort of joke that my mom didn't beat me hard enough, so I don't really have a mediation.",So what do you mean?,windowed_5
trial_truth_059_c5570b54,We were married for two years and we divorced whenever she was about 10 months old.,"And basically we were just too young, we didn't really know what marriage was even supposed to be about.",windowed_5
trial_truth_059_c5570b54,We were married for two years and we divorced whenever she was about 10 months old.,"And so, you know, just I knew that I wanted to go to school, he was very jealous.",windowed_5
trial_truth_059_c5570b54,We were married for two years and we divorced whenever she was about 10 months old.,He really didn't want me to work or go to school or even to go to the grocery store.,windowed_5
trial_truth_059_c5570b54,"And basically we were just too young, we didn't really know what marriage was even supposed to be about.","And so, you know, just I knew that I wanted to go to school, he was very jealous.",windowed_5
trial_truth_059_c5570b54,"And basically we were just too young, we didn't really know what marriage was even supposed to be about.",He really didn't want me to work or go to school or even to go to the grocery store.,windowed_5
trial_truth_059_c5570b54,"And so, you know, just I knew that I wanted to go to school, he was very jealous.",He really didn't want me to work or go to school or even to go to the grocery store.,windowed_5
WhatsApp Video 2026-04-20 at 09.13.12_8c0bec5a,Apples do not exist.,I eat apples every day.,windowed_5
WhatsApp Video 2026-04-20 at 09.13.12_8c0bec5a,Apples do not exist.,But they don't exist.,windowed_5
WhatsApp Video 2026-04-20 at 09.13.12_8c0bec5a,I eat apples every day.,But they don't exist.,windowed_5
